ISO-10303-21;
HEADER;
/* Generated by software containing ST-Developer
 * from STEP Tools, Inc. (www.steptools.com) 
 */

FILE_DESCRIPTION(
/* description */ (''),
/* implementation_level */ '2;1');

FILE_NAME(
/* name */ 'DeskOrganizer.stp',
/* time_stamp */ '2026-06-11T23:24:17-05:00',
/* author */ ('astro'),
/* organization */ (''),
/* preprocessor_version */ 'ST-DEVELOPER v20.1',
/* originating_system */ 'Autodesk Inventor 2026',
/* authorisation */ '');

FILE_SCHEMA (('AUTOMOTIVE_DESIGN { 1 0 10303 214 3 1 1 }'));
ENDSEC;

DATA;
#10=MECHANICAL_DESIGN_GEOMETRIC_PRESENTATION_REPRESENTATION('',(#13),#2305);
#11=SHAPE_REPRESENTATION_RELATIONSHIP('SRR','None',#2312,#12);
#12=ADVANCED_BREP_SHAPE_REPRESENTATION('',(#14),#2304);
#13=STYLED_ITEM('',(#2321),#14);
#14=MANIFOLD_SOLID_BREP('Solid1',#1346);
#15=FACE_BOUND('',#471,.T.);
#16=FACE_BOUND('',#472,.T.);
#17=FACE_BOUND('',#473,.T.);
#18=FACE_BOUND('',#474,.T.);
#19=FACE_BOUND('',#475,.T.);
#20=FACE_BOUND('',#476,.T.);
#21=FACE_BOUND('',#477,.T.);
#22=FACE_BOUND('',#478,.T.);
#23=FACE_BOUND('',#479,.T.);
#24=FACE_BOUND('',#480,.T.);
#25=FACE_BOUND('',#481,.T.);
#26=FACE_BOUND('',#482,.T.);
#27=FACE_BOUND('',#483,.T.);
#28=FACE_BOUND('',#484,.T.);
#29=FACE_BOUND('',#485,.T.);
#30=FACE_BOUND('',#486,.T.);
#31=FACE_BOUND('',#487,.T.);
#32=FACE_BOUND('',#488,.T.);
#33=FACE_BOUND('',#490,.T.);
#34=PLANE('',#1413);
#35=PLANE('',#1414);
#36=PLANE('',#1415);
#37=PLANE('',#1416);
#38=PLANE('',#1417);
#39=PLANE('',#1433);
#40=PLANE('',#1435);
#41=PLANE('',#1436);
#42=PLANE('',#1437);
#43=PLANE('',#1438);
#44=PLANE('',#1439);
#45=PLANE('',#1440);
#46=PLANE('',#1441);
#47=PLANE('',#1442);
#48=PLANE('',#1443);
#49=PLANE('',#1444);
#50=PLANE('',#1445);
#51=PLANE('',#1446);
#52=PLANE('',#1447);
#53=PLANE('',#1448);
#54=PLANE('',#1449);
#55=PLANE('',#1450);
#56=PLANE('',#1451);
#57=PLANE('',#1452);
#58=PLANE('',#1453);
#59=PLANE('',#1454);
#60=PLANE('',#1455);
#61=PLANE('',#1456);
#62=PLANE('',#1457);
#63=PLANE('',#1458);
#64=PLANE('',#1459);
#65=PLANE('',#1460);
#66=PLANE('',#1461);
#67=PLANE('',#1462);
#68=PLANE('',#1463);
#69=PLANE('',#1464);
#70=PLANE('',#1465);
#71=PLANE('',#1468);
#72=PLANE('',#1471);
#73=PLANE('',#1474);
#74=PLANE('',#1477);
#75=PLANE('',#1480);
#76=PLANE('',#1483);
#77=PLANE('',#1486);
#78=PLANE('',#1489);
#79=PLANE('',#1492);
#80=PLANE('',#1495);
#81=PLANE('',#1498);
#82=PLANE('',#1501);
#83=PLANE('',#1504);
#84=PLANE('',#1507);
#85=PLANE('',#1510);
#86=PLANE('',#1513);
#87=LINE('',#1943,#208);
#88=LINE('',#1944,#209);
#89=LINE('',#1953,#210);
#90=LINE('',#1954,#211);
#91=LINE('',#1963,#212);
#92=LINE('',#1964,#213);
#93=LINE('',#1973,#214);
#94=LINE('',#1974,#215);
#95=LINE('',#1976,#216);
#96=LINE('',#1977,#217);
#97=LINE('',#1986,#218);
#98=LINE('',#1987,#219);
#99=LINE('',#1996,#220);
#100=LINE('',#1997,#221);
#101=LINE('',#1999,#222);
#102=LINE('',#2000,#223);
#103=LINE('',#2009,#224);
#104=LINE('',#2010,#225);
#105=LINE('',#2012,#226);
#106=LINE('',#2013,#227);
#107=LINE('',#2015,#228);
#108=LINE('',#2016,#229);
#109=LINE('',#2018,#230);
#110=LINE('',#2019,#231);
#111=LINE('',#2057,#232);
#112=LINE('',#2059,#233);
#113=LINE('',#2061,#234);
#114=LINE('',#2062,#235);
#115=LINE('',#2065,#236);
#116=LINE('',#2067,#237);
#117=LINE('',#2069,#238);
#118=LINE('',#2071,#239);
#119=LINE('',#2073,#240);
#120=LINE('',#2075,#241);
#121=LINE('',#2077,#242);
#122=LINE('',#2079,#243);
#123=LINE('',#2081,#244);
#124=LINE('',#2083,#245);
#125=LINE('',#2085,#246);
#126=LINE('',#2086,#247);
#127=LINE('',#2089,#248);
#128=LINE('',#2091,#249);
#129=LINE('',#2093,#250);
#130=LINE('',#2095,#251);
#131=LINE('',#2097,#252);
#132=LINE('',#2099,#253);
#133=LINE('',#2101,#254);
#134=LINE('',#2103,#255);
#135=LINE('',#2105,#256);
#136=LINE('',#2106,#257);
#137=LINE('',#2107,#258);
#138=LINE('',#2113,#259);
#139=LINE('',#2115,#260);
#140=LINE('',#2116,#261);
#141=LINE('',#2119,#262);
#142=LINE('',#2120,#263);
#143=LINE('',#2123,#264);
#144=LINE('',#2124,#265);
#145=LINE('',#2127,#266);
#146=LINE('',#2128,#267);
#147=LINE('',#2131,#268);
#148=LINE('',#2132,#269);
#149=LINE('',#2134,#270);
#150=LINE('',#2137,#271);
#151=LINE('',#2139,#272);
#152=LINE('',#2140,#273);
#153=LINE('',#2143,#274);
#154=LINE('',#2145,#275);
#155=LINE('',#2146,#276);
#156=LINE('',#2149,#277);
#157=LINE('',#2150,#278);
#158=LINE('',#2152,#279);
#159=LINE('',#2154,#280);
#160=LINE('',#2158,#281);
#161=LINE('',#2160,#282);
#162=LINE('',#2161,#283);
#163=LINE('',#2164,#284);
#164=LINE('',#2165,#285);
#165=LINE('',#2168,#286);
#166=LINE('',#2169,#287);
#167=LINE('',#2172,#288);
#168=LINE('',#2173,#289);
#169=LINE('',#2176,#290);
#170=LINE('',#2177,#291);
#171=LINE('',#2180,#292);
#172=LINE('',#2181,#293);
#173=LINE('',#2184,#294);
#174=LINE('',#2185,#295);
#175=LINE('',#2188,#296);
#176=LINE('',#2189,#297);
#177=LINE('',#2192,#298);
#178=LINE('',#2193,#299);
#179=LINE('',#2196,#300);
#180=LINE('',#2197,#301);
#181=LINE('',#2200,#302);
#182=LINE('',#2201,#303);
#183=LINE('',#2203,#304);
#184=LINE('',#2207,#305);
#185=LINE('',#2209,#306);
#186=LINE('',#2210,#307);
#187=LINE('',#2213,#308);
#188=LINE('',#2214,#309);
#189=LINE('',#2217,#310);
#190=LINE('',#2218,#311);
#191=LINE('',#2220,#312);
#192=LINE('',#2224,#313);
#193=LINE('',#2229,#314);
#194=LINE('',#2234,#315);
#195=LINE('',#2239,#316);
#196=LINE('',#2244,#317);
#197=LINE('',#2249,#318);
#198=LINE('',#2254,#319);
#199=LINE('',#2259,#320);
#200=LINE('',#2264,#321);
#201=LINE('',#2269,#322);
#202=LINE('',#2274,#323);
#203=LINE('',#2279,#324);
#204=LINE('',#2284,#325);
#205=LINE('',#2289,#326);
#206=LINE('',#2294,#327);
#207=LINE('',#2299,#328);
#208=VECTOR('',#1534,10.);
#209=VECTOR('',#1535,10.);
#210=VECTOR('',#1546,10.);
#211=VECTOR('',#1547,10.);
#212=VECTOR('',#1558,10.);
#213=VECTOR('',#1559,10.);
#214=VECTOR('',#1570,10.);
#215=VECTOR('',#1571,10.);
#216=VECTOR('',#1574,10.);
#217=VECTOR('',#1575,10.);
#218=VECTOR('',#1586,10.);
#219=VECTOR('',#1587,10.);
#220=VECTOR('',#1598,10.);
#221=VECTOR('',#1599,10.);
#222=VECTOR('',#1602,10.);
#223=VECTOR('',#1603,10.);
#224=VECTOR('',#1614,10.);
#225=VECTOR('',#1615,10.);
#226=VECTOR('',#1618,10.);
#227=VECTOR('',#1619,10.);
#228=VECTOR('',#1622,10.);
#229=VECTOR('',#1623,10.);
#230=VECTOR('',#1626,10.);
#231=VECTOR('',#1627,10.);
#232=VECTOR('',#1668,10.);
#233=VECTOR('',#1669,10.);
#234=VECTOR('',#1670,10.);
#235=VECTOR('',#1671,10.);
#236=VECTOR('',#1672,10.);
#237=VECTOR('',#1673,10.);
#238=VECTOR('',#1674,10.);
#239=VECTOR('',#1675,10.);
#240=VECTOR('',#1676,10.);
#241=VECTOR('',#1677,10.);
#242=VECTOR('',#1678,10.);
#243=VECTOR('',#1679,10.);
#244=VECTOR('',#1680,10.);
#245=VECTOR('',#1681,10.);
#246=VECTOR('',#1682,10.);
#247=VECTOR('',#1683,10.);
#248=VECTOR('',#1684,10.);
#249=VECTOR('',#1685,10.);
#250=VECTOR('',#1686,10.);
#251=VECTOR('',#1687,10.);
#252=VECTOR('',#1688,10.);
#253=VECTOR('',#1689,10.);
#254=VECTOR('',#1690,10.);
#255=VECTOR('',#1691,10.);
#256=VECTOR('',#1692,10.);
#257=VECTOR('',#1693,10.);
#258=VECTOR('',#1694,10.);
#259=VECTOR('',#1701,10.);
#260=VECTOR('',#1702,10.);
#261=VECTOR('',#1703,10.);
#262=VECTOR('',#1706,10.);
#263=VECTOR('',#1707,10.);
#264=VECTOR('',#1710,10.);
#265=VECTOR('',#1711,10.);
#266=VECTOR('',#1714,10.);
#267=VECTOR('',#1715,10.);
#268=VECTOR('',#1718,10.);
#269=VECTOR('',#1719,10.);
#270=VECTOR('',#1722,10.);
#271=VECTOR('',#1727,10.);
#272=VECTOR('',#1728,10.);
#273=VECTOR('',#1729,10.);
#274=VECTOR('',#1732,10.);
#275=VECTOR('',#1733,10.);
#276=VECTOR('',#1734,10.);
#277=VECTOR('',#1737,10.);
#278=VECTOR('',#1738,10.);
#279=VECTOR('',#1741,10.);
#280=VECTOR('',#1744,10.);
#281=VECTOR('',#1749,10.);
#282=VECTOR('',#1750,10.);
#283=VECTOR('',#1751,10.);
#284=VECTOR('',#1754,10.);
#285=VECTOR('',#1755,10.);
#286=VECTOR('',#1758,10.);
#287=VECTOR('',#1759,10.);
#288=VECTOR('',#1762,10.);
#289=VECTOR('',#1763,10.);
#290=VECTOR('',#1766,10.);
#291=VECTOR('',#1767,10.);
#292=VECTOR('',#1770,10.);
#293=VECTOR('',#1771,10.);
#294=VECTOR('',#1774,10.);
#295=VECTOR('',#1775,10.);
#296=VECTOR('',#1778,10.);
#297=VECTOR('',#1779,10.);
#298=VECTOR('',#1782,10.);
#299=VECTOR('',#1783,10.);
#300=VECTOR('',#1786,10.);
#301=VECTOR('',#1787,10.);
#302=VECTOR('',#1790,10.);
#303=VECTOR('',#1791,10.);
#304=VECTOR('',#1794,10.);
#305=VECTOR('',#1799,10.);
#306=VECTOR('',#1800,10.);
#307=VECTOR('',#1801,10.);
#308=VECTOR('',#1804,10.);
#309=VECTOR('',#1805,10.);
#310=VECTOR('',#1808,10.);
#311=VECTOR('',#1809,10.);
#312=VECTOR('',#1812,10.);
#313=VECTOR('',#1817,50.);
#314=VECTOR('',#1824,10.);
#315=VECTOR('',#1831,10.);
#316=VECTOR('',#1838,10.);
#317=VECTOR('',#1845,10.);
#318=VECTOR('',#1852,10.);
#319=VECTOR('',#1859,10.);
#320=VECTOR('',#1866,10.);
#321=VECTOR('',#1873,10.);
#322=VECTOR('',#1880,10.);
#323=VECTOR('',#1887,10.);
#324=VECTOR('',#1894,10.);
#325=VECTOR('',#1901,10.);
#326=VECTOR('',#1908,10.);
#327=VECTOR('',#1915,10.);
#328=VECTOR('',#1922,10.);
#329=CYLINDRICAL_SURFACE('',#1377,2.);
#330=CYLINDRICAL_SURFACE('',#1382,2.);
#331=CYLINDRICAL_SURFACE('',#1387,2.);
#332=CYLINDRICAL_SURFACE('',#1392,2.);
#333=CYLINDRICAL_SURFACE('',#1393,2.);
#334=CYLINDRICAL_SURFACE('',#1398,2.);
#335=CYLINDRICAL_SURFACE('',#1403,2.);
#336=CYLINDRICAL_SURFACE('',#1404,2.);
#337=CYLINDRICAL_SURFACE('',#1409,2.);
#338=CYLINDRICAL_SURFACE('',#1410,2.);
#339=CYLINDRICAL_SURFACE('',#1411,2.);
#340=CYLINDRICAL_SURFACE('',#1412,2.);
#341=CYLINDRICAL_SURFACE('',#1466,50.);
#342=CYLINDRICAL_SURFACE('',#1469,10.);
#343=CYLINDRICAL_SURFACE('',#1472,10.);
#344=CYLINDRICAL_SURFACE('',#1475,10.);
#345=CYLINDRICAL_SURFACE('',#1478,10.);
#346=CYLINDRICAL_SURFACE('',#1481,10.);
#347=CYLINDRICAL_SURFACE('',#1484,10.);
#348=CYLINDRICAL_SURFACE('',#1487,10.);
#349=CYLINDRICAL_SURFACE('',#1490,10.);
#350=CYLINDRICAL_SURFACE('',#1493,10.);
#351=CYLINDRICAL_SURFACE('',#1496,10.);
#352=CYLINDRICAL_SURFACE('',#1499,10.);
#353=CYLINDRICAL_SURFACE('',#1502,10.);
#354=CYLINDRICAL_SURFACE('',#1505,10.);
#355=CYLINDRICAL_SURFACE('',#1508,10.);
#356=CYLINDRICAL_SURFACE('',#1511,10.);
#357=FACE_OUTER_BOUND('',#446,.T.);
#358=FACE_OUTER_BOUND('',#447,.T.);
#359=FACE_OUTER_BOUND('',#448,.T.);
#360=FACE_OUTER_BOUND('',#449,.T.);
#361=FACE_OUTER_BOUND('',#450,.T.);
#362=FACE_OUTER_BOUND('',#451,.T.);
#363=FACE_OUTER_BOUND('',#452,.T.);
#364=FACE_OUTER_BOUND('',#453,.T.);
#365=FACE_OUTER_BOUND('',#454,.T.);
#366=FACE_OUTER_BOUND('',#455,.T.);
#367=FACE_OUTER_BOUND('',#456,.T.);
#368=FACE_OUTER_BOUND('',#457,.T.);
#369=FACE_OUTER_BOUND('',#458,.T.);
#370=FACE_OUTER_BOUND('',#459,.T.);
#371=FACE_OUTER_BOUND('',#460,.T.);
#372=FACE_OUTER_BOUND('',#461,.T.);
#373=FACE_OUTER_BOUND('',#462,.T.);
#374=FACE_OUTER_BOUND('',#463,.T.);
#375=FACE_OUTER_BOUND('',#464,.T.);
#376=FACE_OUTER_BOUND('',#465,.T.);
#377=FACE_OUTER_BOUND('',#466,.T.);
#378=FACE_OUTER_BOUND('',#467,.T.);
#379=FACE_OUTER_BOUND('',#468,.T.);
#380=FACE_OUTER_BOUND('',#469,.T.);
#381=FACE_OUTER_BOUND('',#470,.T.);
#382=FACE_OUTER_BOUND('',#489,.T.);
#383=FACE_OUTER_BOUND('',#491,.T.);
#384=FACE_OUTER_BOUND('',#492,.T.);
#385=FACE_OUTER_BOUND('',#493,.T.);
#386=FACE_OUTER_BOUND('',#494,.T.);
#387=FACE_OUTER_BOUND('',#495,.T.);
#388=FACE_OUTER_BOUND('',#496,.T.);
#389=FACE_OUTER_BOUND('',#497,.T.);
#390=FACE_OUTER_BOUND('',#498,.T.);
#391=FACE_OUTER_BOUND('',#499,.T.);
#392=FACE_OUTER_BOUND('',#500,.T.);
#393=FACE_OUTER_BOUND('',#501,.T.);
#394=FACE_OUTER_BOUND('',#502,.T.);
#395=FACE_OUTER_BOUND('',#503,.T.);
#396=FACE_OUTER_BOUND('',#504,.T.);
#397=FACE_OUTER_BOUND('',#505,.T.);
#398=FACE_OUTER_BOUND('',#506,.T.);
#399=FACE_OUTER_BOUND('',#507,.T.);
#400=FACE_OUTER_BOUND('',#508,.T.);
#401=FACE_OUTER_BOUND('',#509,.T.);
#402=FACE_OUTER_BOUND('',#510,.T.);
#403=FACE_OUTER_BOUND('',#511,.T.);
#404=FACE_OUTER_BOUND('',#512,.T.);
#405=FACE_OUTER_BOUND('',#513,.T.);
#406=FACE_OUTER_BOUND('',#514,.T.);
#407=FACE_OUTER_BOUND('',#515,.T.);
#408=FACE_OUTER_BOUND('',#516,.T.);
#409=FACE_OUTER_BOUND('',#517,.T.);
#410=FACE_OUTER_BOUND('',#518,.T.);
#411=FACE_OUTER_BOUND('',#519,.T.);
#412=FACE_OUTER_BOUND('',#520,.T.);
#413=FACE_OUTER_BOUND('',#521,.T.);
#414=FACE_OUTER_BOUND('',#522,.T.);
#415=FACE_OUTER_BOUND('',#523,.T.);
#416=FACE_OUTER_BOUND('',#524,.T.);
#417=FACE_OUTER_BOUND('',#525,.T.);
#418=FACE_OUTER_BOUND('',#526,.T.);
#419=FACE_OUTER_BOUND('',#527,.T.);
#420=FACE_OUTER_BOUND('',#528,.T.);
#421=FACE_OUTER_BOUND('',#529,.T.);
#422=FACE_OUTER_BOUND('',#530,.T.);
#423=FACE_OUTER_BOUND('',#531,.T.);
#424=FACE_OUTER_BOUND('',#532,.T.);
#425=FACE_OUTER_BOUND('',#533,.T.);
#426=FACE_OUTER_BOUND('',#534,.T.);
#427=FACE_OUTER_BOUND('',#535,.T.);
#428=FACE_OUTER_BOUND('',#536,.T.);
#429=FACE_OUTER_BOUND('',#537,.T.);
#430=FACE_OUTER_BOUND('',#538,.T.);
#431=FACE_OUTER_BOUND('',#539,.T.);
#432=FACE_OUTER_BOUND('',#540,.T.);
#433=FACE_OUTER_BOUND('',#541,.T.);
#434=FACE_OUTER_BOUND('',#542,.T.);
#435=FACE_OUTER_BOUND('',#543,.T.);
#436=FACE_OUTER_BOUND('',#544,.T.);
#437=FACE_OUTER_BOUND('',#545,.T.);
#438=FACE_OUTER_BOUND('',#546,.T.);
#439=FACE_OUTER_BOUND('',#547,.T.);
#440=FACE_OUTER_BOUND('',#548,.T.);
#441=FACE_OUTER_BOUND('',#549,.T.);
#442=FACE_OUTER_BOUND('',#550,.T.);
#443=FACE_OUTER_BOUND('',#551,.T.);
#444=FACE_OUTER_BOUND('',#552,.T.);
#445=FACE_OUTER_BOUND('',#553,.T.);
#446=EDGE_LOOP('',(#895,#896,#897));
#447=EDGE_LOOP('',(#898,#899,#900));
#448=EDGE_LOOP('',(#901,#902,#903,#904));
#449=EDGE_LOOP('',(#905,#906,#907));
#450=EDGE_LOOP('',(#908,#909,#910,#911));
#451=EDGE_LOOP('',(#912,#913,#914));
#452=EDGE_LOOP('',(#915,#916,#917,#918));
#453=EDGE_LOOP('',(#919,#920,#921));
#454=EDGE_LOOP('',(#922,#923,#924,#925));
#455=EDGE_LOOP('',(#926,#927,#928,#929));
#456=EDGE_LOOP('',(#930,#931,#932));
#457=EDGE_LOOP('',(#933,#934,#935,#936));
#458=EDGE_LOOP('',(#937,#938,#939));
#459=EDGE_LOOP('',(#940,#941,#942,#943));
#460=EDGE_LOOP('',(#944,#945,#946,#947));
#461=EDGE_LOOP('',(#948,#949,#950));
#462=EDGE_LOOP('',(#951,#952,#953,#954));
#463=EDGE_LOOP('',(#955,#956,#957,#958));
#464=EDGE_LOOP('',(#959,#960,#961,#962));
#465=EDGE_LOOP('',(#963,#964,#965,#966));
#466=EDGE_LOOP('',(#967,#968,#969,#970));
#467=EDGE_LOOP('',(#971,#972,#973,#974));
#468=EDGE_LOOP('',(#975,#976,#977,#978));
#469=EDGE_LOOP('',(#979,#980,#981,#982));
#470=EDGE_LOOP('',(#983,#984,#985,#986));
#471=EDGE_LOOP('',(#987));
#472=EDGE_LOOP('',(#988));
#473=EDGE_LOOP('',(#989));
#474=EDGE_LOOP('',(#990));
#475=EDGE_LOOP('',(#991));
#476=EDGE_LOOP('',(#992));
#477=EDGE_LOOP('',(#993));
#478=EDGE_LOOP('',(#994));
#479=EDGE_LOOP('',(#995));
#480=EDGE_LOOP('',(#996));
#481=EDGE_LOOP('',(#997));
#482=EDGE_LOOP('',(#998));
#483=EDGE_LOOP('',(#999));
#484=EDGE_LOOP('',(#1000));
#485=EDGE_LOOP('',(#1001));
#486=EDGE_LOOP('',(#1002,#1003,#1004,#1005));
#487=EDGE_LOOP('',(#1006,#1007,#1008,#1009,#1010,#1011,#1012,#1013,#1014,
#1015,#1016,#1017));
#488=EDGE_LOOP('',(#1018,#1019,#1020,#1021,#1022,#1023,#1024,#1025,#1026,
#1027,#1028));
#489=EDGE_LOOP('',(#1029,#1030,#1031,#1032));
#490=EDGE_LOOP('',(#1033));
#491=EDGE_LOOP('',(#1034,#1035,#1036,#1037));
#492=EDGE_LOOP('',(#1038,#1039,#1040,#1041));
#493=EDGE_LOOP('',(#1042,#1043,#1044,#1045));
#494=EDGE_LOOP('',(#1046,#1047,#1048,#1049));
#495=EDGE_LOOP('',(#1050,#1051,#1052,#1053));
#496=EDGE_LOOP('',(#1054,#1055,#1056,#1057));
#497=EDGE_LOOP('',(#1058,#1059,#1060,#1061,#1062,#1063));
#498=EDGE_LOOP('',(#1064,#1065,#1066,#1067));
#499=EDGE_LOOP('',(#1068,#1069,#1070,#1071));
#500=EDGE_LOOP('',(#1072,#1073,#1074,#1075));
#501=EDGE_LOOP('',(#1076,#1077,#1078,#1079));
#502=EDGE_LOOP('',(#1080,#1081,#1082,#1083));
#503=EDGE_LOOP('',(#1084,#1085,#1086,#1087,#1088));
#504=EDGE_LOOP('',(#1089,#1090,#1091,#1092));
#505=EDGE_LOOP('',(#1093,#1094,#1095,#1096));
#506=EDGE_LOOP('',(#1097,#1098,#1099,#1100));
#507=EDGE_LOOP('',(#1101,#1102,#1103,#1104));
#508=EDGE_LOOP('',(#1105,#1106,#1107,#1108));
#509=EDGE_LOOP('',(#1109,#1110,#1111,#1112));
#510=EDGE_LOOP('',(#1113,#1114,#1115,#1116));
#511=EDGE_LOOP('',(#1117,#1118,#1119,#1120));
#512=EDGE_LOOP('',(#1121,#1122,#1123,#1124));
#513=EDGE_LOOP('',(#1125,#1126,#1127,#1128));
#514=EDGE_LOOP('',(#1129,#1130,#1131,#1132));
#515=EDGE_LOOP('',(#1133,#1134,#1135,#1136));
#516=EDGE_LOOP('',(#1137,#1138,#1139,#1140,#1141,#1142,#1143,#1144,#1145,
#1146,#1147,#1148));
#517=EDGE_LOOP('',(#1149,#1150,#1151,#1152));
#518=EDGE_LOOP('',(#1153,#1154,#1155,#1156));
#519=EDGE_LOOP('',(#1157,#1158,#1159,#1160));
#520=EDGE_LOOP('',(#1161,#1162,#1163,#1164));
#521=EDGE_LOOP('',(#1165,#1166,#1167,#1168));
#522=EDGE_LOOP('',(#1169,#1170,#1171,#1172));
#523=EDGE_LOOP('',(#1173));
#524=EDGE_LOOP('',(#1174,#1175,#1176,#1177));
#525=EDGE_LOOP('',(#1178));
#526=EDGE_LOOP('',(#1179,#1180,#1181,#1182));
#527=EDGE_LOOP('',(#1183));
#528=EDGE_LOOP('',(#1184,#1185,#1186,#1187));
#529=EDGE_LOOP('',(#1188));
#530=EDGE_LOOP('',(#1189,#1190,#1191,#1192));
#531=EDGE_LOOP('',(#1193));
#532=EDGE_LOOP('',(#1194,#1195,#1196,#1197));
#533=EDGE_LOOP('',(#1198));
#534=EDGE_LOOP('',(#1199,#1200,#1201,#1202));
#535=EDGE_LOOP('',(#1203));
#536=EDGE_LOOP('',(#1204,#1205,#1206,#1207));
#537=EDGE_LOOP('',(#1208));
#538=EDGE_LOOP('',(#1209,#1210,#1211,#1212));
#539=EDGE_LOOP('',(#1213));
#540=EDGE_LOOP('',(#1214,#1215,#1216,#1217));
#541=EDGE_LOOP('',(#1218));
#542=EDGE_LOOP('',(#1219,#1220,#1221,#1222));
#543=EDGE_LOOP('',(#1223));
#544=EDGE_LOOP('',(#1224,#1225,#1226,#1227));
#545=EDGE_LOOP('',(#1228));
#546=EDGE_LOOP('',(#1229,#1230,#1231,#1232));
#547=EDGE_LOOP('',(#1233));
#548=EDGE_LOOP('',(#1234,#1235,#1236,#1237));
#549=EDGE_LOOP('',(#1238));
#550=EDGE_LOOP('',(#1239,#1240,#1241,#1242));
#551=EDGE_LOOP('',(#1243));
#552=EDGE_LOOP('',(#1244,#1245,#1246,#1247));
#553=EDGE_LOOP('',(#1248));
#554=CIRCLE('',#1370,2.00000000000003);
#555=CIRCLE('',#1371,2.);
#556=CIRCLE('',#1372,2.00000000000001);
#557=CIRCLE('',#1374,1.99999999999998);
#558=CIRCLE('',#1375,2.);
#559=CIRCLE('',#1376,1.99999999999999);
#560=CIRCLE('',#1379,2.);
#561=CIRCLE('',#1380,2.00000000000003);
#562=CIRCLE('',#1381,2.);
#563=CIRCLE('',#1384,1.99999999999999);
#564=CIRCLE('',#1385,1.99999999999999);
#565=CIRCLE('',#1386,1.99999999999999);
#566=CIRCLE('',#1389,2.);
#567=CIRCLE('',#1390,2.);
#568=CIRCLE('',#1391,2.);
#569=CIRCLE('',#1395,1.99999999999999);
#570=CIRCLE('',#1396,1.99999999999999);
#571=CIRCLE('',#1397,1.99999999999999);
#572=CIRCLE('',#1400,2.);
#573=CIRCLE('',#1401,1.99999999999999);
#574=CIRCLE('',#1402,1.99999999999999);
#575=CIRCLE('',#1406,2.);
#576=CIRCLE('',#1407,2.);
#577=CIRCLE('',#1408,1.99999999999999);
#578=CIRCLE('',#1418,10.);
#579=CIRCLE('',#1419,10.);
#580=CIRCLE('',#1420,10.);
#581=CIRCLE('',#1421,10.);
#582=CIRCLE('',#1422,10.);
#583=CIRCLE('',#1423,10.);
#584=CIRCLE('',#1424,10.);
#585=CIRCLE('',#1425,10.);
#586=CIRCLE('',#1426,10.);
#587=CIRCLE('',#1427,10.);
#588=CIRCLE('',#1428,10.);
#589=CIRCLE('',#1429,10.);
#590=CIRCLE('',#1430,10.);
#591=CIRCLE('',#1431,10.);
#592=CIRCLE('',#1432,10.);
#593=CIRCLE('',#1434,50.);
#594=CIRCLE('',#1467,50.);
#595=CIRCLE('',#1470,10.);
#596=CIRCLE('',#1473,10.);
#597=CIRCLE('',#1476,10.);
#598=CIRCLE('',#1479,10.);
#599=CIRCLE('',#1482,10.);
#600=CIRCLE('',#1485,10.);
#601=CIRCLE('',#1488,10.);
#602=CIRCLE('',#1491,10.);
#603=CIRCLE('',#1494,10.);
#604=CIRCLE('',#1497,10.);
#605=CIRCLE('',#1500,10.);
#606=CIRCLE('',#1503,10.);
#607=CIRCLE('',#1506,10.);
#608=CIRCLE('',#1509,10.);
#609=CIRCLE('',#1512,10.);
#610=VERTEX_POINT('',#1929);
#611=VERTEX_POINT('',#1930);
#612=VERTEX_POINT('',#1932);
#613=VERTEX_POINT('',#1936);
#614=VERTEX_POINT('',#1937);
#615=VERTEX_POINT('',#1939);
#616=VERTEX_POINT('',#1946);
#617=VERTEX_POINT('',#1947);
#618=VERTEX_POINT('',#1949);
#619=VERTEX_POINT('',#1956);
#620=VERTEX_POINT('',#1957);
#621=VERTEX_POINT('',#1959);
#622=VERTEX_POINT('',#1966);
#623=VERTEX_POINT('',#1967);
#624=VERTEX_POINT('',#1969);
#625=VERTEX_POINT('',#1979);
#626=VERTEX_POINT('',#1980);
#627=VERTEX_POINT('',#1982);
#628=VERTEX_POINT('',#1989);
#629=VERTEX_POINT('',#1990);
#630=VERTEX_POINT('',#1992);
#631=VERTEX_POINT('',#2002);
#632=VERTEX_POINT('',#2003);
#633=VERTEX_POINT('',#2005);
#634=VERTEX_POINT('',#2025);
#635=VERTEX_POINT('',#2027);
#636=VERTEX_POINT('',#2029);
#637=VERTEX_POINT('',#2031);
#638=VERTEX_POINT('',#2033);
#639=VERTEX_POINT('',#2035);
#640=VERTEX_POINT('',#2037);
#641=VERTEX_POINT('',#2039);
#642=VERTEX_POINT('',#2041);
#643=VERTEX_POINT('',#2043);
#644=VERTEX_POINT('',#2045);
#645=VERTEX_POINT('',#2047);
#646=VERTEX_POINT('',#2049);
#647=VERTEX_POINT('',#2051);
#648=VERTEX_POINT('',#2053);
#649=VERTEX_POINT('',#2055);
#650=VERTEX_POINT('',#2056);
#651=VERTEX_POINT('',#2058);
#652=VERTEX_POINT('',#2060);
#653=VERTEX_POINT('',#2063);
#654=VERTEX_POINT('',#2064);
#655=VERTEX_POINT('',#2066);
#656=VERTEX_POINT('',#2068);
#657=VERTEX_POINT('',#2070);
#658=VERTEX_POINT('',#2072);
#659=VERTEX_POINT('',#2074);
#660=VERTEX_POINT('',#2076);
#661=VERTEX_POINT('',#2078);
#662=VERTEX_POINT('',#2080);
#663=VERTEX_POINT('',#2082);
#664=VERTEX_POINT('',#2084);
#665=VERTEX_POINT('',#2087);
#666=VERTEX_POINT('',#2088);
#667=VERTEX_POINT('',#2090);
#668=VERTEX_POINT('',#2092);
#669=VERTEX_POINT('',#2094);
#670=VERTEX_POINT('',#2096);
#671=VERTEX_POINT('',#2098);
#672=VERTEX_POINT('',#2100);
#673=VERTEX_POINT('',#2102);
#674=VERTEX_POINT('',#2104);
#675=VERTEX_POINT('',#2109);
#676=VERTEX_POINT('',#2112);
#677=VERTEX_POINT('',#2114);
#678=VERTEX_POINT('',#2118);
#679=VERTEX_POINT('',#2122);
#680=VERTEX_POINT('',#2126);
#681=VERTEX_POINT('',#2130);
#682=VERTEX_POINT('',#2138);
#683=VERTEX_POINT('',#2142);
#684=VERTEX_POINT('',#2144);
#685=VERTEX_POINT('',#2148);
#686=VERTEX_POINT('',#2157);
#687=VERTEX_POINT('',#2159);
#688=VERTEX_POINT('',#2163);
#689=VERTEX_POINT('',#2167);
#690=VERTEX_POINT('',#2171);
#691=VERTEX_POINT('',#2175);
#692=VERTEX_POINT('',#2179);
#693=VERTEX_POINT('',#2183);
#694=VERTEX_POINT('',#2187);
#695=VERTEX_POINT('',#2191);
#696=VERTEX_POINT('',#2195);
#697=VERTEX_POINT('',#2199);
#698=VERTEX_POINT('',#2206);
#699=VERTEX_POINT('',#2208);
#700=VERTEX_POINT('',#2212);
#701=VERTEX_POINT('',#2216);
#702=VERTEX_POINT('',#2223);
#703=VERTEX_POINT('',#2228);
#704=VERTEX_POINT('',#2233);
#705=VERTEX_POINT('',#2238);
#706=VERTEX_POINT('',#2243);
#707=VERTEX_POINT('',#2248);
#708=VERTEX_POINT('',#2253);
#709=VERTEX_POINT('',#2258);
#710=VERTEX_POINT('',#2263);
#711=VERTEX_POINT('',#2268);
#712=VERTEX_POINT('',#2273);
#713=VERTEX_POINT('',#2278);
#714=VERTEX_POINT('',#2283);
#715=VERTEX_POINT('',#2288);
#716=VERTEX_POINT('',#2293);
#717=VERTEX_POINT('',#2298);
#718=EDGE_CURVE('',#610,#611,#554,.F.);
#719=EDGE_CURVE('',#612,#610,#555,.F.);
#720=EDGE_CURVE('',#611,#612,#556,.F.);
#721=EDGE_CURVE('',#613,#614,#557,.F.);
#722=EDGE_CURVE('',#615,#613,#558,.F.);
#723=EDGE_CURVE('',#614,#615,#559,.F.);
#724=EDGE_CURVE('',#613,#611,#87,.T.);
#725=EDGE_CURVE('',#612,#615,#88,.T.);
#726=EDGE_CURVE('',#616,#617,#560,.F.);
#727=EDGE_CURVE('',#618,#616,#561,.F.);
#728=EDGE_CURVE('',#617,#618,#562,.F.);
#729=EDGE_CURVE('',#610,#618,#89,.T.);
#730=EDGE_CURVE('',#616,#612,#90,.T.);
#731=EDGE_CURVE('',#619,#620,#563,.F.);
#732=EDGE_CURVE('',#621,#619,#564,.F.);
#733=EDGE_CURVE('',#620,#621,#565,.F.);
#734=EDGE_CURVE('',#619,#610,#91,.T.);
#735=EDGE_CURVE('',#611,#621,#92,.T.);
#736=EDGE_CURVE('',#622,#623,#566,.F.);
#737=EDGE_CURVE('',#624,#622,#567,.F.);
#738=EDGE_CURVE('',#623,#624,#568,.F.);
#739=EDGE_CURVE('',#622,#614,#93,.T.);
#740=EDGE_CURVE('',#615,#624,#94,.T.);
#741=EDGE_CURVE('',#617,#623,#95,.T.);
#742=EDGE_CURVE('',#624,#616,#96,.T.);
#743=EDGE_CURVE('',#625,#626,#569,.F.);
#744=EDGE_CURVE('',#627,#625,#570,.F.);
#745=EDGE_CURVE('',#626,#627,#571,.F.);
#746=EDGE_CURVE('',#625,#613,#97,.T.);
#747=EDGE_CURVE('',#614,#627,#98,.T.);
#748=EDGE_CURVE('',#628,#629,#572,.F.);
#749=EDGE_CURVE('',#630,#628,#573,.F.);
#750=EDGE_CURVE('',#629,#630,#574,.F.);
#751=EDGE_CURVE('',#628,#617,#99,.T.);
#752=EDGE_CURVE('',#618,#630,#100,.T.);
#753=EDGE_CURVE('',#620,#629,#101,.T.);
#754=EDGE_CURVE('',#630,#619,#102,.T.);
#755=EDGE_CURVE('',#631,#632,#575,.F.);
#756=EDGE_CURVE('',#633,#631,#576,.F.);
#757=EDGE_CURVE('',#632,#633,#577,.F.);
#758=EDGE_CURVE('',#631,#622,#103,.T.);
#759=EDGE_CURVE('',#623,#633,#104,.T.);
#760=EDGE_CURVE('',#629,#632,#105,.T.);
#761=EDGE_CURVE('',#633,#628,#106,.T.);
#762=EDGE_CURVE('',#632,#626,#107,.T.);
#763=EDGE_CURVE('',#627,#631,#108,.T.);
#764=EDGE_CURVE('',#626,#620,#109,.T.);
#765=EDGE_CURVE('',#621,#625,#110,.T.);
#766=EDGE_CURVE('',#634,#634,#578,.T.);
#767=EDGE_CURVE('',#635,#635,#579,.T.);
#768=EDGE_CURVE('',#636,#636,#580,.T.);
#769=EDGE_CURVE('',#637,#637,#581,.T.);
#770=EDGE_CURVE('',#638,#638,#582,.T.);
#771=EDGE_CURVE('',#639,#639,#583,.T.);
#772=EDGE_CURVE('',#640,#640,#584,.T.);
#773=EDGE_CURVE('',#641,#641,#585,.T.);
#774=EDGE_CURVE('',#642,#642,#586,.T.);
#775=EDGE_CURVE('',#643,#643,#587,.T.);
#776=EDGE_CURVE('',#644,#644,#588,.T.);
#777=EDGE_CURVE('',#645,#645,#589,.T.);
#778=EDGE_CURVE('',#646,#646,#590,.T.);
#779=EDGE_CURVE('',#647,#647,#591,.T.);
#780=EDGE_CURVE('',#648,#648,#592,.T.);
#781=EDGE_CURVE('',#649,#650,#111,.T.);
#782=EDGE_CURVE('',#650,#651,#112,.T.);
#783=EDGE_CURVE('',#651,#652,#113,.T.);
#784=EDGE_CURVE('',#652,#649,#114,.T.);
#785=EDGE_CURVE('',#653,#654,#115,.T.);
#786=EDGE_CURVE('',#654,#655,#116,.T.);
#787=EDGE_CURVE('',#655,#656,#117,.T.);
#788=EDGE_CURVE('',#656,#657,#118,.T.);
#789=EDGE_CURVE('',#657,#658,#119,.T.);
#790=EDGE_CURVE('',#658,#659,#120,.T.);
#791=EDGE_CURVE('',#659,#660,#121,.T.);
#792=EDGE_CURVE('',#660,#661,#122,.T.);
#793=EDGE_CURVE('',#661,#662,#123,.T.);
#794=EDGE_CURVE('',#662,#663,#124,.T.);
#795=EDGE_CURVE('',#663,#664,#125,.T.);
#796=EDGE_CURVE('',#664,#653,#126,.T.);
#797=EDGE_CURVE('',#665,#666,#127,.T.);
#798=EDGE_CURVE('',#666,#667,#128,.T.);
#799=EDGE_CURVE('',#667,#668,#129,.T.);
#800=EDGE_CURVE('',#668,#669,#130,.T.);
#801=EDGE_CURVE('',#669,#670,#131,.T.);
#802=EDGE_CURVE('',#670,#671,#132,.T.);
#803=EDGE_CURVE('',#671,#672,#133,.T.);
#804=EDGE_CURVE('',#672,#673,#134,.T.);
#805=EDGE_CURVE('',#673,#674,#135,.T.);
#806=EDGE_CURVE('',#674,#669,#136,.T.);
#807=EDGE_CURVE('',#669,#665,#137,.T.);
#808=EDGE_CURVE('',#675,#675,#593,.T.);
#809=EDGE_CURVE('',#673,#676,#138,.T.);
#810=EDGE_CURVE('',#677,#676,#139,.T.);
#811=EDGE_CURVE('',#674,#677,#140,.T.);
#812=EDGE_CURVE('',#678,#677,#141,.T.);
#813=EDGE_CURVE('',#669,#678,#142,.T.);
#814=EDGE_CURVE('',#679,#678,#143,.T.);
#815=EDGE_CURVE('',#670,#679,#144,.T.);
#816=EDGE_CURVE('',#680,#679,#145,.T.);
#817=EDGE_CURVE('',#671,#680,#146,.T.);
#818=EDGE_CURVE('',#681,#680,#147,.T.);
#819=EDGE_CURVE('',#672,#681,#148,.T.);
#820=EDGE_CURVE('',#676,#681,#149,.T.);
#821=EDGE_CURVE('',#669,#678,#150,.T.);
#822=EDGE_CURVE('',#668,#682,#151,.T.);
#823=EDGE_CURVE('',#678,#682,#152,.T.);
#824=EDGE_CURVE('',#665,#683,#153,.T.);
#825=EDGE_CURVE('',#684,#683,#154,.T.);
#826=EDGE_CURVE('',#666,#684,#155,.T.);
#827=EDGE_CURVE('',#685,#684,#156,.T.);
#828=EDGE_CURVE('',#667,#685,#157,.T.);
#829=EDGE_CURVE('',#682,#685,#158,.T.);
#830=EDGE_CURVE('',#683,#678,#159,.T.);
#831=EDGE_CURVE('',#653,#686,#160,.T.);
#832=EDGE_CURVE('',#687,#686,#161,.T.);
#833=EDGE_CURVE('',#654,#687,#162,.T.);
#834=EDGE_CURVE('',#688,#687,#163,.T.);
#835=EDGE_CURVE('',#655,#688,#164,.T.);
#836=EDGE_CURVE('',#689,#688,#165,.T.);
#837=EDGE_CURVE('',#656,#689,#166,.T.);
#838=EDGE_CURVE('',#690,#689,#167,.T.);
#839=EDGE_CURVE('',#657,#690,#168,.T.);
#840=EDGE_CURVE('',#691,#690,#169,.T.);
#841=EDGE_CURVE('',#658,#691,#170,.T.);
#842=EDGE_CURVE('',#692,#691,#171,.T.);
#843=EDGE_CURVE('',#659,#692,#172,.T.);
#844=EDGE_CURVE('',#693,#692,#173,.T.);
#845=EDGE_CURVE('',#660,#693,#174,.T.);
#846=EDGE_CURVE('',#694,#693,#175,.T.);
#847=EDGE_CURVE('',#661,#694,#176,.T.);
#848=EDGE_CURVE('',#695,#694,#177,.T.);
#849=EDGE_CURVE('',#662,#695,#178,.T.);
#850=EDGE_CURVE('',#696,#695,#179,.T.);
#851=EDGE_CURVE('',#663,#696,#180,.T.);
#852=EDGE_CURVE('',#697,#696,#181,.T.);
#853=EDGE_CURVE('',#664,#697,#182,.T.);
#854=EDGE_CURVE('',#686,#697,#183,.T.);
#855=EDGE_CURVE('',#649,#698,#184,.T.);
#856=EDGE_CURVE('',#698,#699,#185,.T.);
#857=EDGE_CURVE('',#650,#699,#186,.T.);
#858=EDGE_CURVE('',#652,#700,#187,.T.);
#859=EDGE_CURVE('',#700,#698,#188,.T.);
#860=EDGE_CURVE('',#651,#701,#189,.T.);
#861=EDGE_CURVE('',#701,#700,#190,.T.);
#862=EDGE_CURVE('',#699,#701,#191,.T.);
#863=EDGE_CURVE('',#675,#702,#192,.T.);
#864=EDGE_CURVE('',#702,#702,#594,.T.);
#865=EDGE_CURVE('',#648,#703,#193,.T.);
#866=EDGE_CURVE('',#703,#703,#595,.T.);
#867=EDGE_CURVE('',#647,#704,#194,.T.);
#868=EDGE_CURVE('',#704,#704,#596,.T.);
#869=EDGE_CURVE('',#646,#705,#195,.T.);
#870=EDGE_CURVE('',#705,#705,#597,.T.);
#871=EDGE_CURVE('',#645,#706,#196,.T.);
#872=EDGE_CURVE('',#706,#706,#598,.T.);
#873=EDGE_CURVE('',#644,#707,#197,.T.);
#874=EDGE_CURVE('',#707,#707,#599,.T.);
#875=EDGE_CURVE('',#643,#708,#198,.T.);
#876=EDGE_CURVE('',#708,#708,#600,.T.);
#877=EDGE_CURVE('',#642,#709,#199,.T.);
#878=EDGE_CURVE('',#709,#709,#601,.T.);
#879=EDGE_CURVE('',#641,#710,#200,.T.);
#880=EDGE_CURVE('',#710,#710,#602,.T.);
#881=EDGE_CURVE('',#640,#711,#201,.T.);
#882=EDGE_CURVE('',#711,#711,#603,.T.);
#883=EDGE_CURVE('',#639,#712,#202,.T.);
#884=EDGE_CURVE('',#712,#712,#604,.T.);
#885=EDGE_CURVE('',#638,#713,#203,.T.);
#886=EDGE_CURVE('',#713,#713,#605,.T.);
#887=EDGE_CURVE('',#637,#714,#204,.T.);
#888=EDGE_CURVE('',#714,#714,#606,.T.);
#889=EDGE_CURVE('',#636,#715,#205,.T.);
#890=EDGE_CURVE('',#715,#715,#607,.T.);
#891=EDGE_CURVE('',#635,#716,#206,.T.);
#892=EDGE_CURVE('',#716,#716,#608,.T.);
#893=EDGE_CURVE('',#634,#717,#207,.T.);
#894=EDGE_CURVE('',#717,#717,#609,.T.);
#895=ORIENTED_EDGE('',*,*,#718,.F.);
#896=ORIENTED_EDGE('',*,*,#719,.F.);
#897=ORIENTED_EDGE('',*,*,#720,.F.);
#898=ORIENTED_EDGE('',*,*,#721,.F.);
#899=ORIENTED_EDGE('',*,*,#722,.F.);
#900=ORIENTED_EDGE('',*,*,#723,.F.);
#901=ORIENTED_EDGE('',*,*,#722,.T.);
#902=ORIENTED_EDGE('',*,*,#724,.T.);
#903=ORIENTED_EDGE('',*,*,#720,.T.);
#904=ORIENTED_EDGE('',*,*,#725,.T.);
#905=ORIENTED_EDGE('',*,*,#726,.F.);
#906=ORIENTED_EDGE('',*,*,#727,.F.);
#907=ORIENTED_EDGE('',*,*,#728,.F.);
#908=ORIENTED_EDGE('',*,*,#719,.T.);
#909=ORIENTED_EDGE('',*,*,#729,.T.);
#910=ORIENTED_EDGE('',*,*,#727,.T.);
#911=ORIENTED_EDGE('',*,*,#730,.T.);
#912=ORIENTED_EDGE('',*,*,#731,.F.);
#913=ORIENTED_EDGE('',*,*,#732,.F.);
#914=ORIENTED_EDGE('',*,*,#733,.F.);
#915=ORIENTED_EDGE('',*,*,#732,.T.);
#916=ORIENTED_EDGE('',*,*,#734,.T.);
#917=ORIENTED_EDGE('',*,*,#718,.T.);
#918=ORIENTED_EDGE('',*,*,#735,.T.);
#919=ORIENTED_EDGE('',*,*,#736,.F.);
#920=ORIENTED_EDGE('',*,*,#737,.F.);
#921=ORIENTED_EDGE('',*,*,#738,.F.);
#922=ORIENTED_EDGE('',*,*,#737,.T.);
#923=ORIENTED_EDGE('',*,*,#739,.T.);
#924=ORIENTED_EDGE('',*,*,#723,.T.);
#925=ORIENTED_EDGE('',*,*,#740,.T.);
#926=ORIENTED_EDGE('',*,*,#726,.T.);
#927=ORIENTED_EDGE('',*,*,#741,.T.);
#928=ORIENTED_EDGE('',*,*,#738,.T.);
#929=ORIENTED_EDGE('',*,*,#742,.T.);
#930=ORIENTED_EDGE('',*,*,#743,.F.);
#931=ORIENTED_EDGE('',*,*,#744,.F.);
#932=ORIENTED_EDGE('',*,*,#745,.F.);
#933=ORIENTED_EDGE('',*,*,#744,.T.);
#934=ORIENTED_EDGE('',*,*,#746,.T.);
#935=ORIENTED_EDGE('',*,*,#721,.T.);
#936=ORIENTED_EDGE('',*,*,#747,.T.);
#937=ORIENTED_EDGE('',*,*,#748,.F.);
#938=ORIENTED_EDGE('',*,*,#749,.F.);
#939=ORIENTED_EDGE('',*,*,#750,.F.);
#940=ORIENTED_EDGE('',*,*,#749,.T.);
#941=ORIENTED_EDGE('',*,*,#751,.T.);
#942=ORIENTED_EDGE('',*,*,#728,.T.);
#943=ORIENTED_EDGE('',*,*,#752,.T.);
#944=ORIENTED_EDGE('',*,*,#731,.T.);
#945=ORIENTED_EDGE('',*,*,#753,.T.);
#946=ORIENTED_EDGE('',*,*,#750,.T.);
#947=ORIENTED_EDGE('',*,*,#754,.T.);
#948=ORIENTED_EDGE('',*,*,#755,.F.);
#949=ORIENTED_EDGE('',*,*,#756,.F.);
#950=ORIENTED_EDGE('',*,*,#757,.F.);
#951=ORIENTED_EDGE('',*,*,#756,.T.);
#952=ORIENTED_EDGE('',*,*,#758,.T.);
#953=ORIENTED_EDGE('',*,*,#736,.T.);
#954=ORIENTED_EDGE('',*,*,#759,.T.);
#955=ORIENTED_EDGE('',*,*,#748,.T.);
#956=ORIENTED_EDGE('',*,*,#760,.T.);
#957=ORIENTED_EDGE('',*,*,#757,.T.);
#958=ORIENTED_EDGE('',*,*,#761,.T.);
#959=ORIENTED_EDGE('',*,*,#755,.T.);
#960=ORIENTED_EDGE('',*,*,#762,.T.);
#961=ORIENTED_EDGE('',*,*,#745,.T.);
#962=ORIENTED_EDGE('',*,*,#763,.T.);
#963=ORIENTED_EDGE('',*,*,#743,.T.);
#964=ORIENTED_EDGE('',*,*,#764,.T.);
#965=ORIENTED_EDGE('',*,*,#733,.T.);
#966=ORIENTED_EDGE('',*,*,#765,.T.);
#967=ORIENTED_EDGE('',*,*,#724,.F.);
#968=ORIENTED_EDGE('',*,*,#746,.F.);
#969=ORIENTED_EDGE('',*,*,#765,.F.);
#970=ORIENTED_EDGE('',*,*,#735,.F.);
#971=ORIENTED_EDGE('',*,*,#725,.F.);
#972=ORIENTED_EDGE('',*,*,#730,.F.);
#973=ORIENTED_EDGE('',*,*,#742,.F.);
#974=ORIENTED_EDGE('',*,*,#740,.F.);
#975=ORIENTED_EDGE('',*,*,#729,.F.);
#976=ORIENTED_EDGE('',*,*,#734,.F.);
#977=ORIENTED_EDGE('',*,*,#754,.F.);
#978=ORIENTED_EDGE('',*,*,#752,.F.);
#979=ORIENTED_EDGE('',*,*,#739,.F.);
#980=ORIENTED_EDGE('',*,*,#758,.F.);
#981=ORIENTED_EDGE('',*,*,#763,.F.);
#982=ORIENTED_EDGE('',*,*,#747,.F.);
#983=ORIENTED_EDGE('',*,*,#741,.F.);
#984=ORIENTED_EDGE('',*,*,#751,.F.);
#985=ORIENTED_EDGE('',*,*,#761,.F.);
#986=ORIENTED_EDGE('',*,*,#759,.F.);
#987=ORIENTED_EDGE('',*,*,#766,.T.);
#988=ORIENTED_EDGE('',*,*,#767,.T.);
#989=ORIENTED_EDGE('',*,*,#768,.T.);
#990=ORIENTED_EDGE('',*,*,#769,.T.);
#991=ORIENTED_EDGE('',*,*,#770,.T.);
#992=ORIENTED_EDGE('',*,*,#771,.T.);
#993=ORIENTED_EDGE('',*,*,#772,.T.);
#994=ORIENTED_EDGE('',*,*,#773,.T.);
#995=ORIENTED_EDGE('',*,*,#774,.T.);
#996=ORIENTED_EDGE('',*,*,#775,.T.);
#997=ORIENTED_EDGE('',*,*,#776,.T.);
#998=ORIENTED_EDGE('',*,*,#777,.T.);
#999=ORIENTED_EDGE('',*,*,#778,.T.);
#1000=ORIENTED_EDGE('',*,*,#779,.T.);
#1001=ORIENTED_EDGE('',*,*,#780,.T.);
#1002=ORIENTED_EDGE('',*,*,#781,.T.);
#1003=ORIENTED_EDGE('',*,*,#782,.T.);
#1004=ORIENTED_EDGE('',*,*,#783,.T.);
#1005=ORIENTED_EDGE('',*,*,#784,.T.);
#1006=ORIENTED_EDGE('',*,*,#785,.T.);
#1007=ORIENTED_EDGE('',*,*,#786,.T.);
#1008=ORIENTED_EDGE('',*,*,#787,.T.);
#1009=ORIENTED_EDGE('',*,*,#788,.T.);
#1010=ORIENTED_EDGE('',*,*,#789,.T.);
#1011=ORIENTED_EDGE('',*,*,#790,.T.);
#1012=ORIENTED_EDGE('',*,*,#791,.T.);
#1013=ORIENTED_EDGE('',*,*,#792,.T.);
#1014=ORIENTED_EDGE('',*,*,#793,.T.);
#1015=ORIENTED_EDGE('',*,*,#794,.T.);
#1016=ORIENTED_EDGE('',*,*,#795,.T.);
#1017=ORIENTED_EDGE('',*,*,#796,.T.);
#1018=ORIENTED_EDGE('',*,*,#797,.T.);
#1019=ORIENTED_EDGE('',*,*,#798,.T.);
#1020=ORIENTED_EDGE('',*,*,#799,.T.);
#1021=ORIENTED_EDGE('',*,*,#800,.T.);
#1022=ORIENTED_EDGE('',*,*,#801,.T.);
#1023=ORIENTED_EDGE('',*,*,#802,.T.);
#1024=ORIENTED_EDGE('',*,*,#803,.T.);
#1025=ORIENTED_EDGE('',*,*,#804,.T.);
#1026=ORIENTED_EDGE('',*,*,#805,.T.);
#1027=ORIENTED_EDGE('',*,*,#806,.T.);
#1028=ORIENTED_EDGE('',*,*,#807,.T.);
#1029=ORIENTED_EDGE('',*,*,#753,.F.);
#1030=ORIENTED_EDGE('',*,*,#764,.F.);
#1031=ORIENTED_EDGE('',*,*,#762,.F.);
#1032=ORIENTED_EDGE('',*,*,#760,.F.);
#1033=ORIENTED_EDGE('',*,*,#808,.T.);
#1034=ORIENTED_EDGE('',*,*,#805,.F.);
#1035=ORIENTED_EDGE('',*,*,#809,.T.);
#1036=ORIENTED_EDGE('',*,*,#810,.F.);
#1037=ORIENTED_EDGE('',*,*,#811,.F.);
#1038=ORIENTED_EDGE('',*,*,#806,.F.);
#1039=ORIENTED_EDGE('',*,*,#811,.T.);
#1040=ORIENTED_EDGE('',*,*,#812,.F.);
#1041=ORIENTED_EDGE('',*,*,#813,.F.);
#1042=ORIENTED_EDGE('',*,*,#801,.F.);
#1043=ORIENTED_EDGE('',*,*,#813,.T.);
#1044=ORIENTED_EDGE('',*,*,#814,.F.);
#1045=ORIENTED_EDGE('',*,*,#815,.F.);
#1046=ORIENTED_EDGE('',*,*,#802,.F.);
#1047=ORIENTED_EDGE('',*,*,#815,.T.);
#1048=ORIENTED_EDGE('',*,*,#816,.F.);
#1049=ORIENTED_EDGE('',*,*,#817,.F.);
#1050=ORIENTED_EDGE('',*,*,#803,.F.);
#1051=ORIENTED_EDGE('',*,*,#817,.T.);
#1052=ORIENTED_EDGE('',*,*,#818,.F.);
#1053=ORIENTED_EDGE('',*,*,#819,.F.);
#1054=ORIENTED_EDGE('',*,*,#804,.F.);
#1055=ORIENTED_EDGE('',*,*,#819,.T.);
#1056=ORIENTED_EDGE('',*,*,#820,.F.);
#1057=ORIENTED_EDGE('',*,*,#809,.F.);
#1058=ORIENTED_EDGE('',*,*,#820,.T.);
#1059=ORIENTED_EDGE('',*,*,#818,.T.);
#1060=ORIENTED_EDGE('',*,*,#816,.T.);
#1061=ORIENTED_EDGE('',*,*,#814,.T.);
#1062=ORIENTED_EDGE('',*,*,#812,.T.);
#1063=ORIENTED_EDGE('',*,*,#810,.T.);
#1064=ORIENTED_EDGE('',*,*,#821,.F.);
#1065=ORIENTED_EDGE('',*,*,#800,.F.);
#1066=ORIENTED_EDGE('',*,*,#822,.T.);
#1067=ORIENTED_EDGE('',*,*,#823,.F.);
#1068=ORIENTED_EDGE('',*,*,#797,.F.);
#1069=ORIENTED_EDGE('',*,*,#824,.T.);
#1070=ORIENTED_EDGE('',*,*,#825,.F.);
#1071=ORIENTED_EDGE('',*,*,#826,.F.);
#1072=ORIENTED_EDGE('',*,*,#798,.F.);
#1073=ORIENTED_EDGE('',*,*,#826,.T.);
#1074=ORIENTED_EDGE('',*,*,#827,.F.);
#1075=ORIENTED_EDGE('',*,*,#828,.F.);
#1076=ORIENTED_EDGE('',*,*,#799,.F.);
#1077=ORIENTED_EDGE('',*,*,#828,.T.);
#1078=ORIENTED_EDGE('',*,*,#829,.F.);
#1079=ORIENTED_EDGE('',*,*,#822,.F.);
#1080=ORIENTED_EDGE('',*,*,#821,.T.);
#1081=ORIENTED_EDGE('',*,*,#830,.F.);
#1082=ORIENTED_EDGE('',*,*,#824,.F.);
#1083=ORIENTED_EDGE('',*,*,#807,.F.);
#1084=ORIENTED_EDGE('',*,*,#830,.T.);
#1085=ORIENTED_EDGE('',*,*,#823,.T.);
#1086=ORIENTED_EDGE('',*,*,#829,.T.);
#1087=ORIENTED_EDGE('',*,*,#827,.T.);
#1088=ORIENTED_EDGE('',*,*,#825,.T.);
#1089=ORIENTED_EDGE('',*,*,#785,.F.);
#1090=ORIENTED_EDGE('',*,*,#831,.T.);
#1091=ORIENTED_EDGE('',*,*,#832,.F.);
#1092=ORIENTED_EDGE('',*,*,#833,.F.);
#1093=ORIENTED_EDGE('',*,*,#786,.F.);
#1094=ORIENTED_EDGE('',*,*,#833,.T.);
#1095=ORIENTED_EDGE('',*,*,#834,.F.);
#1096=ORIENTED_EDGE('',*,*,#835,.F.);
#1097=ORIENTED_EDGE('',*,*,#787,.F.);
#1098=ORIENTED_EDGE('',*,*,#835,.T.);
#1099=ORIENTED_EDGE('',*,*,#836,.F.);
#1100=ORIENTED_EDGE('',*,*,#837,.F.);
#1101=ORIENTED_EDGE('',*,*,#788,.F.);
#1102=ORIENTED_EDGE('',*,*,#837,.T.);
#1103=ORIENTED_EDGE('',*,*,#838,.F.);
#1104=ORIENTED_EDGE('',*,*,#839,.F.);
#1105=ORIENTED_EDGE('',*,*,#789,.F.);
#1106=ORIENTED_EDGE('',*,*,#839,.T.);
#1107=ORIENTED_EDGE('',*,*,#840,.F.);
#1108=ORIENTED_EDGE('',*,*,#841,.F.);
#1109=ORIENTED_EDGE('',*,*,#790,.F.);
#1110=ORIENTED_EDGE('',*,*,#841,.T.);
#1111=ORIENTED_EDGE('',*,*,#842,.F.);
#1112=ORIENTED_EDGE('',*,*,#843,.F.);
#1113=ORIENTED_EDGE('',*,*,#791,.F.);
#1114=ORIENTED_EDGE('',*,*,#843,.T.);
#1115=ORIENTED_EDGE('',*,*,#844,.F.);
#1116=ORIENTED_EDGE('',*,*,#845,.F.);
#1117=ORIENTED_EDGE('',*,*,#792,.F.);
#1118=ORIENTED_EDGE('',*,*,#845,.T.);
#1119=ORIENTED_EDGE('',*,*,#846,.F.);
#1120=ORIENTED_EDGE('',*,*,#847,.F.);
#1121=ORIENTED_EDGE('',*,*,#793,.F.);
#1122=ORIENTED_EDGE('',*,*,#847,.T.);
#1123=ORIENTED_EDGE('',*,*,#848,.F.);
#1124=ORIENTED_EDGE('',*,*,#849,.F.);
#1125=ORIENTED_EDGE('',*,*,#794,.F.);
#1126=ORIENTED_EDGE('',*,*,#849,.T.);
#1127=ORIENTED_EDGE('',*,*,#850,.F.);
#1128=ORIENTED_EDGE('',*,*,#851,.F.);
#1129=ORIENTED_EDGE('',*,*,#795,.F.);
#1130=ORIENTED_EDGE('',*,*,#851,.T.);
#1131=ORIENTED_EDGE('',*,*,#852,.F.);
#1132=ORIENTED_EDGE('',*,*,#853,.F.);
#1133=ORIENTED_EDGE('',*,*,#796,.F.);
#1134=ORIENTED_EDGE('',*,*,#853,.T.);
#1135=ORIENTED_EDGE('',*,*,#854,.F.);
#1136=ORIENTED_EDGE('',*,*,#831,.F.);
#1137=ORIENTED_EDGE('',*,*,#854,.T.);
#1138=ORIENTED_EDGE('',*,*,#852,.T.);
#1139=ORIENTED_EDGE('',*,*,#850,.T.);
#1140=ORIENTED_EDGE('',*,*,#848,.T.);
#1141=ORIENTED_EDGE('',*,*,#846,.T.);
#1142=ORIENTED_EDGE('',*,*,#844,.T.);
#1143=ORIENTED_EDGE('',*,*,#842,.T.);
#1144=ORIENTED_EDGE('',*,*,#840,.T.);
#1145=ORIENTED_EDGE('',*,*,#838,.T.);
#1146=ORIENTED_EDGE('',*,*,#836,.T.);
#1147=ORIENTED_EDGE('',*,*,#834,.T.);
#1148=ORIENTED_EDGE('',*,*,#832,.T.);
#1149=ORIENTED_EDGE('',*,*,#781,.F.);
#1150=ORIENTED_EDGE('',*,*,#855,.T.);
#1151=ORIENTED_EDGE('',*,*,#856,.T.);
#1152=ORIENTED_EDGE('',*,*,#857,.F.);
#1153=ORIENTED_EDGE('',*,*,#784,.F.);
#1154=ORIENTED_EDGE('',*,*,#858,.T.);
#1155=ORIENTED_EDGE('',*,*,#859,.T.);
#1156=ORIENTED_EDGE('',*,*,#855,.F.);
#1157=ORIENTED_EDGE('',*,*,#783,.F.);
#1158=ORIENTED_EDGE('',*,*,#860,.T.);
#1159=ORIENTED_EDGE('',*,*,#861,.T.);
#1160=ORIENTED_EDGE('',*,*,#858,.F.);
#1161=ORIENTED_EDGE('',*,*,#782,.F.);
#1162=ORIENTED_EDGE('',*,*,#857,.T.);
#1163=ORIENTED_EDGE('',*,*,#862,.T.);
#1164=ORIENTED_EDGE('',*,*,#860,.F.);
#1165=ORIENTED_EDGE('',*,*,#862,.F.);
#1166=ORIENTED_EDGE('',*,*,#856,.F.);
#1167=ORIENTED_EDGE('',*,*,#859,.F.);
#1168=ORIENTED_EDGE('',*,*,#861,.F.);
#1169=ORIENTED_EDGE('',*,*,#808,.F.);
#1170=ORIENTED_EDGE('',*,*,#863,.T.);
#1171=ORIENTED_EDGE('',*,*,#864,.T.);
#1172=ORIENTED_EDGE('',*,*,#863,.F.);
#1173=ORIENTED_EDGE('',*,*,#864,.F.);
#1174=ORIENTED_EDGE('',*,*,#780,.F.);
#1175=ORIENTED_EDGE('',*,*,#865,.T.);
#1176=ORIENTED_EDGE('',*,*,#866,.T.);
#1177=ORIENTED_EDGE('',*,*,#865,.F.);
#1178=ORIENTED_EDGE('',*,*,#866,.F.);
#1179=ORIENTED_EDGE('',*,*,#779,.F.);
#1180=ORIENTED_EDGE('',*,*,#867,.T.);
#1181=ORIENTED_EDGE('',*,*,#868,.T.);
#1182=ORIENTED_EDGE('',*,*,#867,.F.);
#1183=ORIENTED_EDGE('',*,*,#868,.F.);
#1184=ORIENTED_EDGE('',*,*,#778,.F.);
#1185=ORIENTED_EDGE('',*,*,#869,.T.);
#1186=ORIENTED_EDGE('',*,*,#870,.T.);
#1187=ORIENTED_EDGE('',*,*,#869,.F.);
#1188=ORIENTED_EDGE('',*,*,#870,.F.);
#1189=ORIENTED_EDGE('',*,*,#777,.F.);
#1190=ORIENTED_EDGE('',*,*,#871,.T.);
#1191=ORIENTED_EDGE('',*,*,#872,.T.);
#1192=ORIENTED_EDGE('',*,*,#871,.F.);
#1193=ORIENTED_EDGE('',*,*,#872,.F.);
#1194=ORIENTED_EDGE('',*,*,#776,.F.);
#1195=ORIENTED_EDGE('',*,*,#873,.T.);
#1196=ORIENTED_EDGE('',*,*,#874,.T.);
#1197=ORIENTED_EDGE('',*,*,#873,.F.);
#1198=ORIENTED_EDGE('',*,*,#874,.F.);
#1199=ORIENTED_EDGE('',*,*,#775,.F.);
#1200=ORIENTED_EDGE('',*,*,#875,.T.);
#1201=ORIENTED_EDGE('',*,*,#876,.T.);
#1202=ORIENTED_EDGE('',*,*,#875,.F.);
#1203=ORIENTED_EDGE('',*,*,#876,.F.);
#1204=ORIENTED_EDGE('',*,*,#774,.F.);
#1205=ORIENTED_EDGE('',*,*,#877,.T.);
#1206=ORIENTED_EDGE('',*,*,#878,.T.);
#1207=ORIENTED_EDGE('',*,*,#877,.F.);
#1208=ORIENTED_EDGE('',*,*,#878,.F.);
#1209=ORIENTED_EDGE('',*,*,#773,.F.);
#1210=ORIENTED_EDGE('',*,*,#879,.T.);
#1211=ORIENTED_EDGE('',*,*,#880,.T.);
#1212=ORIENTED_EDGE('',*,*,#879,.F.);
#1213=ORIENTED_EDGE('',*,*,#880,.F.);
#1214=ORIENTED_EDGE('',*,*,#772,.F.);
#1215=ORIENTED_EDGE('',*,*,#881,.T.);
#1216=ORIENTED_EDGE('',*,*,#882,.T.);
#1217=ORIENTED_EDGE('',*,*,#881,.F.);
#1218=ORIENTED_EDGE('',*,*,#882,.F.);
#1219=ORIENTED_EDGE('',*,*,#771,.F.);
#1220=ORIENTED_EDGE('',*,*,#883,.T.);
#1221=ORIENTED_EDGE('',*,*,#884,.T.);
#1222=ORIENTED_EDGE('',*,*,#883,.F.);
#1223=ORIENTED_EDGE('',*,*,#884,.F.);
#1224=ORIENTED_EDGE('',*,*,#770,.F.);
#1225=ORIENTED_EDGE('',*,*,#885,.T.);
#1226=ORIENTED_EDGE('',*,*,#886,.T.);
#1227=ORIENTED_EDGE('',*,*,#885,.F.);
#1228=ORIENTED_EDGE('',*,*,#886,.F.);
#1229=ORIENTED_EDGE('',*,*,#769,.F.);
#1230=ORIENTED_EDGE('',*,*,#887,.T.);
#1231=ORIENTED_EDGE('',*,*,#888,.T.);
#1232=ORIENTED_EDGE('',*,*,#887,.F.);
#1233=ORIENTED_EDGE('',*,*,#888,.F.);
#1234=ORIENTED_EDGE('',*,*,#768,.F.);
#1235=ORIENTED_EDGE('',*,*,#889,.T.);
#1236=ORIENTED_EDGE('',*,*,#890,.T.);
#1237=ORIENTED_EDGE('',*,*,#889,.F.);
#1238=ORIENTED_EDGE('',*,*,#890,.F.);
#1239=ORIENTED_EDGE('',*,*,#767,.F.);
#1240=ORIENTED_EDGE('',*,*,#891,.T.);
#1241=ORIENTED_EDGE('',*,*,#892,.T.);
#1242=ORIENTED_EDGE('',*,*,#891,.F.);
#1243=ORIENTED_EDGE('',*,*,#892,.F.);
#1244=ORIENTED_EDGE('',*,*,#766,.F.);
#1245=ORIENTED_EDGE('',*,*,#893,.T.);
#1246=ORIENTED_EDGE('',*,*,#894,.T.);
#1247=ORIENTED_EDGE('',*,*,#893,.F.);
#1248=ORIENTED_EDGE('',*,*,#894,.F.);
#1249=SPHERICAL_SURFACE('',#1369,2.);
#1250=SPHERICAL_SURFACE('',#1373,2.);
#1251=SPHERICAL_SURFACE('',#1378,2.00000000000003);
#1252=SPHERICAL_SURFACE('',#1383,1.99999999999999);
#1253=SPHERICAL_SURFACE('',#1388,2.);
#1254=SPHERICAL_SURFACE('',#1394,1.99999999999999);
#1255=SPHERICAL_SURFACE('',#1399,1.99999999999999);
#1256=SPHERICAL_SURFACE('',#1405,2.);
#1257=ADVANCED_FACE('',(#357),#1249,.T.);
#1258=ADVANCED_FACE('',(#358),#1250,.T.);
#1259=ADVANCED_FACE('',(#359),#329,.T.);
#1260=ADVANCED_FACE('',(#360),#1251,.T.);
#1261=ADVANCED_FACE('',(#361),#330,.T.);
#1262=ADVANCED_FACE('',(#362),#1252,.T.);
#1263=ADVANCED_FACE('',(#363),#331,.T.);
#1264=ADVANCED_FACE('',(#364),#1253,.T.);
#1265=ADVANCED_FACE('',(#365),#332,.T.);
#1266=ADVANCED_FACE('',(#366),#333,.T.);
#1267=ADVANCED_FACE('',(#367),#1254,.T.);
#1268=ADVANCED_FACE('',(#368),#334,.T.);
#1269=ADVANCED_FACE('',(#369),#1255,.T.);
#1270=ADVANCED_FACE('',(#370),#335,.T.);
#1271=ADVANCED_FACE('',(#371),#336,.T.);
#1272=ADVANCED_FACE('',(#372),#1256,.T.);
#1273=ADVANCED_FACE('',(#373),#337,.T.);
#1274=ADVANCED_FACE('',(#374),#338,.T.);
#1275=ADVANCED_FACE('',(#375),#339,.T.);
#1276=ADVANCED_FACE('',(#376),#340,.T.);
#1277=ADVANCED_FACE('',(#377),#34,.T.);
#1278=ADVANCED_FACE('',(#378),#35,.F.);
#1279=ADVANCED_FACE('',(#379),#36,.T.);
#1280=ADVANCED_FACE('',(#380),#37,.T.);
#1281=ADVANCED_FACE('',(#381,#15,#16,#17,#18,#19,#20,#21,#22,#23,#24,#25,
#26,#27,#28,#29,#30,#31,#32),#38,.T.);
#1282=ADVANCED_FACE('',(#382,#33),#39,.T.);
#1283=ADVANCED_FACE('',(#383),#40,.T.);
#1284=ADVANCED_FACE('',(#384),#41,.T.);
#1285=ADVANCED_FACE('',(#385),#42,.T.);
#1286=ADVANCED_FACE('',(#386),#43,.T.);
#1287=ADVANCED_FACE('',(#387),#44,.T.);
#1288=ADVANCED_FACE('',(#388),#45,.T.);
#1289=ADVANCED_FACE('',(#389),#46,.T.);
#1290=ADVANCED_FACE('',(#390),#47,.T.);
#1291=ADVANCED_FACE('',(#391),#48,.T.);
#1292=ADVANCED_FACE('',(#392),#49,.T.);
#1293=ADVANCED_FACE('',(#393),#50,.T.);
#1294=ADVANCED_FACE('',(#394),#51,.T.);
#1295=ADVANCED_FACE('',(#395),#52,.T.);
#1296=ADVANCED_FACE('',(#396),#53,.T.);
#1297=ADVANCED_FACE('',(#397),#54,.T.);
#1298=ADVANCED_FACE('',(#398),#55,.T.);
#1299=ADVANCED_FACE('',(#399),#56,.T.);
#1300=ADVANCED_FACE('',(#400),#57,.T.);
#1301=ADVANCED_FACE('',(#401),#58,.T.);
#1302=ADVANCED_FACE('',(#402),#59,.T.);
#1303=ADVANCED_FACE('',(#403),#60,.T.);
#1304=ADVANCED_FACE('',(#404),#61,.T.);
#1305=ADVANCED_FACE('',(#405),#62,.T.);
#1306=ADVANCED_FACE('',(#406),#63,.T.);
#1307=ADVANCED_FACE('',(#407),#64,.T.);
#1308=ADVANCED_FACE('',(#408),#65,.T.);
#1309=ADVANCED_FACE('',(#409),#66,.F.);
#1310=ADVANCED_FACE('',(#410),#67,.F.);
#1311=ADVANCED_FACE('',(#411),#68,.F.);
#1312=ADVANCED_FACE('',(#412),#69,.F.);
#1313=ADVANCED_FACE('',(#413),#70,.F.);
#1314=ADVANCED_FACE('',(#414),#341,.F.);
#1315=ADVANCED_FACE('',(#415),#71,.T.);
#1316=ADVANCED_FACE('',(#416),#342,.F.);
#1317=ADVANCED_FACE('',(#417),#72,.T.);
#1318=ADVANCED_FACE('',(#418),#343,.F.);
#1319=ADVANCED_FACE('',(#419),#73,.T.);
#1320=ADVANCED_FACE('',(#420),#344,.F.);
#1321=ADVANCED_FACE('',(#421),#74,.T.);
#1322=ADVANCED_FACE('',(#422),#345,.F.);
#1323=ADVANCED_FACE('',(#423),#75,.T.);
#1324=ADVANCED_FACE('',(#424),#346,.F.);
#1325=ADVANCED_FACE('',(#425),#76,.T.);
#1326=ADVANCED_FACE('',(#426),#347,.F.);
#1327=ADVANCED_FACE('',(#427),#77,.T.);
#1328=ADVANCED_FACE('',(#428),#348,.F.);
#1329=ADVANCED_FACE('',(#429),#78,.T.);
#1330=ADVANCED_FACE('',(#430),#349,.F.);
#1331=ADVANCED_FACE('',(#431),#79,.T.);
#1332=ADVANCED_FACE('',(#432),#350,.F.);
#1333=ADVANCED_FACE('',(#433),#80,.T.);
#1334=ADVANCED_FACE('',(#434),#351,.F.);
#1335=ADVANCED_FACE('',(#435),#81,.T.);
#1336=ADVANCED_FACE('',(#436),#352,.F.);
#1337=ADVANCED_FACE('',(#437),#82,.T.);
#1338=ADVANCED_FACE('',(#438),#353,.F.);
#1339=ADVANCED_FACE('',(#439),#83,.T.);
#1340=ADVANCED_FACE('',(#440),#354,.F.);
#1341=ADVANCED_FACE('',(#441),#84,.T.);
#1342=ADVANCED_FACE('',(#442),#355,.F.);
#1343=ADVANCED_FACE('',(#443),#85,.T.);
#1344=ADVANCED_FACE('',(#444),#356,.F.);
#1345=ADVANCED_FACE('',(#445),#86,.T.);
#1346=CLOSED_SHELL('',(#1257,#1258,#1259,#1260,#1261,#1262,#1263,#1264,
#1265,#1266,#1267,#1268,#1269,#1270,#1271,#1272,#1273,#1274,#1275,#1276,
#1277,#1278,#1279,#1280,#1281,#1282,#1283,#1284,#1285,#1286,#1287,#1288,
#1289,#1290,#1291,#1292,#1293,#1294,#1295,#1296,#1297,#1298,#1299,#1300,
#1301,#1302,#1303,#1304,#1305,#1306,#1307,#1308,#1309,#1310,#1311,#1312,
#1313,#1314,#1315,#1316,#1317,#1318,#1319,#1320,#1321,#1322,#1323,#1324,
#1325,#1326,#1327,#1328,#1329,#1330,#1331,#1332,#1333,#1334,#1335,#1336,
#1337,#1338,#1339,#1340,#1341,#1342,#1343,#1344,#1345));
#1347=DERIVED_UNIT_ELEMENT(#1350,1.);
#1348=DERIVED_UNIT_ELEMENT(#2307,-3.);
#1349=DIMENSIONAL_EXPONENTS(0.,1.,0.,0.,0.,0.,0.);
#1350=(
CONVERSION_BASED_UNIT('gram',#1352)
MASS_UNIT()
NAMED_UNIT(#1349)
);
#1351=(
MASS_UNIT()
NAMED_UNIT(*)
SI_UNIT(.KILO.,.GRAM.)
);
#1352=MASS_MEASURE_WITH_UNIT(MASS_MEASURE(0.001),#1351);
#1353=DERIVED_UNIT((#1347,#1348));
#1354=MEASURE_REPRESENTATION_ITEM('density measure',
POSITIVE_RATIO_MEASURE(1.),#1353);
#1355=PROPERTY_DEFINITION_REPRESENTATION(#1360,#1357);
#1356=PROPERTY_DEFINITION_REPRESENTATION(#1361,#1358);
#1357=REPRESENTATION('material name',(#1359),#2304);
#1358=REPRESENTATION('density',(#1354),#2304);
#1359=DESCRIPTIVE_REPRESENTATION_ITEM('Generic','Generic');
#1360=PROPERTY_DEFINITION('material property','material name',#2314);
#1361=PROPERTY_DEFINITION('material property','density of part',#2314);
#1362=DATE_TIME_ROLE('creation_date');
#1363=APPLIED_DATE_AND_TIME_ASSIGNMENT(#1364,#1362,(#2314));
#1364=DATE_AND_TIME(#1365,#1366);
#1365=CALENDAR_DATE(2026,11,6);
#1366=LOCAL_TIME(0,0,0.,#1367);
#1367=COORDINATED_UNIVERSAL_TIME_OFFSET(0,0,.BEHIND.);
#1368=AXIS2_PLACEMENT_3D('',#1927,#1514,#1515);
#1369=AXIS2_PLACEMENT_3D('',#1928,#1516,#1517);
#1370=AXIS2_PLACEMENT_3D('',#1931,#1518,#1519);
#1371=AXIS2_PLACEMENT_3D('',#1933,#1520,#1521);
#1372=AXIS2_PLACEMENT_3D('',#1934,#1522,#1523);
#1373=AXIS2_PLACEMENT_3D('',#1935,#1524,#1525);
#1374=AXIS2_PLACEMENT_3D('',#1938,#1526,#1527);
#1375=AXIS2_PLACEMENT_3D('',#1940,#1528,#1529);
#1376=AXIS2_PLACEMENT_3D('',#1941,#1530,#1531);
#1377=AXIS2_PLACEMENT_3D('',#1942,#1532,#1533);
#1378=AXIS2_PLACEMENT_3D('',#1945,#1536,#1537);
#1379=AXIS2_PLACEMENT_3D('',#1948,#1538,#1539);
#1380=AXIS2_PLACEMENT_3D('',#1950,#1540,#1541);
#1381=AXIS2_PLACEMENT_3D('',#1951,#1542,#1543);
#1382=AXIS2_PLACEMENT_3D('',#1952,#1544,#1545);
#1383=AXIS2_PLACEMENT_3D('',#1955,#1548,#1549);
#1384=AXIS2_PLACEMENT_3D('',#1958,#1550,#1551);
#1385=AXIS2_PLACEMENT_3D('',#1960,#1552,#1553);
#1386=AXIS2_PLACEMENT_3D('',#1961,#1554,#1555);
#1387=AXIS2_PLACEMENT_3D('',#1962,#1556,#1557);
#1388=AXIS2_PLACEMENT_3D('',#1965,#1560,#1561);
#1389=AXIS2_PLACEMENT_3D('',#1968,#1562,#1563);
#1390=AXIS2_PLACEMENT_3D('',#1970,#1564,#1565);
#1391=AXIS2_PLACEMENT_3D('',#1971,#1566,#1567);
#1392=AXIS2_PLACEMENT_3D('',#1972,#1568,#1569);
#1393=AXIS2_PLACEMENT_3D('',#1975,#1572,#1573);
#1394=AXIS2_PLACEMENT_3D('',#1978,#1576,#1577);
#1395=AXIS2_PLACEMENT_3D('',#1981,#1578,#1579);
#1396=AXIS2_PLACEMENT_3D('',#1983,#1580,#1581);
#1397=AXIS2_PLACEMENT_3D('',#1984,#1582,#1583);
#1398=AXIS2_PLACEMENT_3D('',#1985,#1584,#1585);
#1399=AXIS2_PLACEMENT_3D('',#1988,#1588,#1589);
#1400=AXIS2_PLACEMENT_3D('',#1991,#1590,#1591);
#1401=AXIS2_PLACEMENT_3D('',#1993,#1592,#1593);
#1402=AXIS2_PLACEMENT_3D('',#1994,#1594,#1595);
#1403=AXIS2_PLACEMENT_3D('',#1995,#1596,#1597);
#1404=AXIS2_PLACEMENT_3D('',#1998,#1600,#1601);
#1405=AXIS2_PLACEMENT_3D('',#2001,#1604,#1605);
#1406=AXIS2_PLACEMENT_3D('',#2004,#1606,#1607);
#1407=AXIS2_PLACEMENT_3D('',#2006,#1608,#1609);
#1408=AXIS2_PLACEMENT_3D('',#2007,#1610,#1611);
#1409=AXIS2_PLACEMENT_3D('',#2008,#1612,#1613);
#1410=AXIS2_PLACEMENT_3D('',#2011,#1616,#1617);
#1411=AXIS2_PLACEMENT_3D('',#2014,#1620,#1621);
#1412=AXIS2_PLACEMENT_3D('',#2017,#1624,#1625);
#1413=AXIS2_PLACEMENT_3D('',#2020,#1628,#1629);
#1414=AXIS2_PLACEMENT_3D('',#2021,#1630,#1631);
#1415=AXIS2_PLACEMENT_3D('',#2022,#1632,#1633);
#1416=AXIS2_PLACEMENT_3D('',#2023,#1634,#1635);
#1417=AXIS2_PLACEMENT_3D('',#2024,#1636,#1637);
#1418=AXIS2_PLACEMENT_3D('',#2026,#1638,#1639);
#1419=AXIS2_PLACEMENT_3D('',#2028,#1640,#1641);
#1420=AXIS2_PLACEMENT_3D('',#2030,#1642,#1643);
#1421=AXIS2_PLACEMENT_3D('',#2032,#1644,#1645);
#1422=AXIS2_PLACEMENT_3D('',#2034,#1646,#1647);
#1423=AXIS2_PLACEMENT_3D('',#2036,#1648,#1649);
#1424=AXIS2_PLACEMENT_3D('',#2038,#1650,#1651);
#1425=AXIS2_PLACEMENT_3D('',#2040,#1652,#1653);
#1426=AXIS2_PLACEMENT_3D('',#2042,#1654,#1655);
#1427=AXIS2_PLACEMENT_3D('',#2044,#1656,#1657);
#1428=AXIS2_PLACEMENT_3D('',#2046,#1658,#1659);
#1429=AXIS2_PLACEMENT_3D('',#2048,#1660,#1661);
#1430=AXIS2_PLACEMENT_3D('',#2050,#1662,#1663);
#1431=AXIS2_PLACEMENT_3D('',#2052,#1664,#1665);
#1432=AXIS2_PLACEMENT_3D('',#2054,#1666,#1667);
#1433=AXIS2_PLACEMENT_3D('',#2108,#1695,#1696);
#1434=AXIS2_PLACEMENT_3D('',#2110,#1697,#1698);
#1435=AXIS2_PLACEMENT_3D('',#2111,#1699,#1700);
#1436=AXIS2_PLACEMENT_3D('',#2117,#1704,#1705);
#1437=AXIS2_PLACEMENT_3D('',#2121,#1708,#1709);
#1438=AXIS2_PLACEMENT_3D('',#2125,#1712,#1713);
#1439=AXIS2_PLACEMENT_3D('',#2129,#1716,#1717);
#1440=AXIS2_PLACEMENT_3D('',#2133,#1720,#1721);
#1441=AXIS2_PLACEMENT_3D('',#2135,#1723,#1724);
#1442=AXIS2_PLACEMENT_3D('',#2136,#1725,#1726);
#1443=AXIS2_PLACEMENT_3D('',#2141,#1730,#1731);
#1444=AXIS2_PLACEMENT_3D('',#2147,#1735,#1736);
#1445=AXIS2_PLACEMENT_3D('',#2151,#1739,#1740);
#1446=AXIS2_PLACEMENT_3D('',#2153,#1742,#1743);
#1447=AXIS2_PLACEMENT_3D('',#2155,#1745,#1746);
#1448=AXIS2_PLACEMENT_3D('',#2156,#1747,#1748);
#1449=AXIS2_PLACEMENT_3D('',#2162,#1752,#1753);
#1450=AXIS2_PLACEMENT_3D('',#2166,#1756,#1757);
#1451=AXIS2_PLACEMENT_3D('',#2170,#1760,#1761);
#1452=AXIS2_PLACEMENT_3D('',#2174,#1764,#1765);
#1453=AXIS2_PLACEMENT_3D('',#2178,#1768,#1769);
#1454=AXIS2_PLACEMENT_3D('',#2182,#1772,#1773);
#1455=AXIS2_PLACEMENT_3D('',#2186,#1776,#1777);
#1456=AXIS2_PLACEMENT_3D('',#2190,#1780,#1781);
#1457=AXIS2_PLACEMENT_3D('',#2194,#1784,#1785);
#1458=AXIS2_PLACEMENT_3D('',#2198,#1788,#1789);
#1459=AXIS2_PLACEMENT_3D('',#2202,#1792,#1793);
#1460=AXIS2_PLACEMENT_3D('',#2204,#1795,#1796);
#1461=AXIS2_PLACEMENT_3D('',#2205,#1797,#1798);
#1462=AXIS2_PLACEMENT_3D('',#2211,#1802,#1803);
#1463=AXIS2_PLACEMENT_3D('',#2215,#1806,#1807);
#1464=AXIS2_PLACEMENT_3D('',#2219,#1810,#1811);
#1465=AXIS2_PLACEMENT_3D('',#2221,#1813,#1814);
#1466=AXIS2_PLACEMENT_3D('',#2222,#1815,#1816);
#1467=AXIS2_PLACEMENT_3D('',#2225,#1818,#1819);
#1468=AXIS2_PLACEMENT_3D('',#2226,#1820,#1821);
#1469=AXIS2_PLACEMENT_3D('',#2227,#1822,#1823);
#1470=AXIS2_PLACEMENT_3D('',#2230,#1825,#1826);
#1471=AXIS2_PLACEMENT_3D('',#2231,#1827,#1828);
#1472=AXIS2_PLACEMENT_3D('',#2232,#1829,#1830);
#1473=AXIS2_PLACEMENT_3D('',#2235,#1832,#1833);
#1474=AXIS2_PLACEMENT_3D('',#2236,#1834,#1835);
#1475=AXIS2_PLACEMENT_3D('',#2237,#1836,#1837);
#1476=AXIS2_PLACEMENT_3D('',#2240,#1839,#1840);
#1477=AXIS2_PLACEMENT_3D('',#2241,#1841,#1842);
#1478=AXIS2_PLACEMENT_3D('',#2242,#1843,#1844);
#1479=AXIS2_PLACEMENT_3D('',#2245,#1846,#1847);
#1480=AXIS2_PLACEMENT_3D('',#2246,#1848,#1849);
#1481=AXIS2_PLACEMENT_3D('',#2247,#1850,#1851);
#1482=AXIS2_PLACEMENT_3D('',#2250,#1853,#1854);
#1483=AXIS2_PLACEMENT_3D('',#2251,#1855,#1856);
#1484=AXIS2_PLACEMENT_3D('',#2252,#1857,#1858);
#1485=AXIS2_PLACEMENT_3D('',#2255,#1860,#1861);
#1486=AXIS2_PLACEMENT_3D('',#2256,#1862,#1863);
#1487=AXIS2_PLACEMENT_3D('',#2257,#1864,#1865);
#1488=AXIS2_PLACEMENT_3D('',#2260,#1867,#1868);
#1489=AXIS2_PLACEMENT_3D('',#2261,#1869,#1870);
#1490=AXIS2_PLACEMENT_3D('',#2262,#1871,#1872);
#1491=AXIS2_PLACEMENT_3D('',#2265,#1874,#1875);
#1492=AXIS2_PLACEMENT_3D('',#2266,#1876,#1877);
#1493=AXIS2_PLACEMENT_3D('',#2267,#1878,#1879);
#1494=AXIS2_PLACEMENT_3D('',#2270,#1881,#1882);
#1495=AXIS2_PLACEMENT_3D('',#2271,#1883,#1884);
#1496=AXIS2_PLACEMENT_3D('',#2272,#1885,#1886);
#1497=AXIS2_PLACEMENT_3D('',#2275,#1888,#1889);
#1498=AXIS2_PLACEMENT_3D('',#2276,#1890,#1891);
#1499=AXIS2_PLACEMENT_3D('',#2277,#1892,#1893);
#1500=AXIS2_PLACEMENT_3D('',#2280,#1895,#1896);
#1501=AXIS2_PLACEMENT_3D('',#2281,#1897,#1898);
#1502=AXIS2_PLACEMENT_3D('',#2282,#1899,#1900);
#1503=AXIS2_PLACEMENT_3D('',#2285,#1902,#1903);
#1504=AXIS2_PLACEMENT_3D('',#2286,#1904,#1905);
#1505=AXIS2_PLACEMENT_3D('',#2287,#1906,#1907);
#1506=AXIS2_PLACEMENT_3D('',#2290,#1909,#1910);
#1507=AXIS2_PLACEMENT_3D('',#2291,#1911,#1912);
#1508=AXIS2_PLACEMENT_3D('',#2292,#1913,#1914);
#1509=AXIS2_PLACEMENT_3D('',#2295,#1916,#1917);
#1510=AXIS2_PLACEMENT_3D('',#2296,#1918,#1919);
#1511=AXIS2_PLACEMENT_3D('',#2297,#1920,#1921);
#1512=AXIS2_PLACEMENT_3D('',#2300,#1923,#1924);
#1513=AXIS2_PLACEMENT_3D('',#2301,#1925,#1926);
#1514=DIRECTION('axis',(0.,0.,1.));
#1515=DIRECTION('refdir',(1.,0.,0.));
#1516=DIRECTION('center_axis',(0.408248290463859,-0.81649658092773,0.408248290463859));
#1517=DIRECTION('ref_axis',(-0.577350269189627,-0.577350269189624,-0.577350269189627));
#1518=DIRECTION('center_axis',(0.,-1.,0.));
#1519=DIRECTION('ref_axis',(0.,0.,-1.));
#1520=DIRECTION('center_axis',(-1.,0.,8.88178419700113E-15));
#1521=DIRECTION('ref_axis',(0.,-1.,0.));
#1522=DIRECTION('center_axis',(0.,0.,-1.));
#1523=DIRECTION('ref_axis',(-1.,0.,0.));
#1524=DIRECTION('center_axis',(-0.40824829046386,-0.408248290463855,-0.816496580927732));
#1525=DIRECTION('ref_axis',(-0.577350269189636,-0.577350269189622,0.57735026918962));
#1526=DIRECTION('center_axis',(0.,-1.,0.));
#1527=DIRECTION('ref_axis',(-1.,0.,0.));
#1528=DIRECTION('center_axis',(0.,0.,1.));
#1529=DIRECTION('ref_axis',(0.,-1.,0.));
#1530=DIRECTION('center_axis',(-1.,-1.77635683940025E-14,0.));
#1531=DIRECTION('ref_axis',(0.,0.,1.));
#1532=DIRECTION('center_axis',(5.9211894646675E-17,0.,1.));
#1533=DIRECTION('ref_axis',(-0.707106781186553,-0.707106781186543,0.));
#1534=DIRECTION('',(-5.9211894646675E-17,0.,-1.));
#1535=DIRECTION('',(5.9211894646675E-17,0.,1.));
#1536=DIRECTION('center_axis',(-0.408248290463854,-0.816496580927734,0.408248290463856));
#1537=DIRECTION('ref_axis',(0.577350269189618,-0.577350269189618,-0.577350269189641));
#1538=DIRECTION('center_axis',(-1.77635683940025E-14,0.,-1.));
#1539=DIRECTION('ref_axis',(0.,-1.,0.));
#1540=DIRECTION('center_axis',(1.,0.,0.));
#1541=DIRECTION('ref_axis',(0.,0.,-1.));
#1542=DIRECTION('center_axis',(0.,-1.,0.));
#1543=DIRECTION('ref_axis',(1.,0.,0.));
#1544=DIRECTION('center_axis',(-1.,0.,0.));
#1545=DIRECTION('ref_axis',(0.,-0.707106781186543,-0.707106781186553));
#1546=DIRECTION('',(1.,0.,0.));
#1547=DIRECTION('',(-1.,0.,0.));
#1548=DIRECTION('center_axis',(-0.408248290463846,-0.816496580927736,-0.408248290463861));
#1549=DIRECTION('ref_axis',(-0.577350269189616,0.577350269189616,-0.577350269189645));
#1550=DIRECTION('center_axis',(-1.,0.,0.));
#1551=DIRECTION('ref_axis',(0.,0.,-1.));
#1552=DIRECTION('center_axis',(0.,1.,0.));
#1553=DIRECTION('ref_axis',(-1.,0.,0.));
#1554=DIRECTION('center_axis',(-1.77635683940026E-14,0.,-1.));
#1555=DIRECTION('ref_axis',(0.,1.,0.));
#1556=DIRECTION('center_axis',(0.,1.,0.));
#1557=DIRECTION('ref_axis',(-0.707106781186541,0.,-0.707106781186554));
#1558=DIRECTION('',(0.,-1.,0.));
#1559=DIRECTION('',(0.,1.,0.));
#1560=DIRECTION('center_axis',(-0.816496580927727,-0.408248290463863,0.40824829046386));
#1561=DIRECTION('ref_axis',(0.577350269189624,-0.577350269189629,0.577350269189625));
#1562=DIRECTION('center_axis',(0.,-1.,0.));
#1563=DIRECTION('ref_axis',(0.,0.,1.));
#1564=DIRECTION('center_axis',(1.,0.,0.));
#1565=DIRECTION('ref_axis',(0.,-1.,0.));
#1566=DIRECTION('center_axis',(0.,4.44089209850063E-15,1.));
#1567=DIRECTION('ref_axis',(1.,0.,0.));
#1568=DIRECTION('center_axis',(1.,0.,1.97215226305253E-32));
#1569=DIRECTION('ref_axis',(0.,-0.707106781186549,0.707106781186546));
#1570=DIRECTION('',(-1.,0.,-1.97215226305253E-32));
#1571=DIRECTION('',(1.,0.,1.97215226305253E-32));
#1572=DIRECTION('center_axis',(-1.85037170770859E-16,0.,-1.));
#1573=DIRECTION('ref_axis',(0.707106781186548,-0.707106781186547,0.));
#1574=DIRECTION('',(1.85037170770859E-16,0.,1.));
#1575=DIRECTION('',(-1.85037170770859E-16,0.,-1.));
#1576=DIRECTION('center_axis',(-0.408248290463862,-0.816496580927723,0.40824829046387));
#1577=DIRECTION('ref_axis',(-0.577350269189624,0.577350269189624,0.577350269189629));
#1578=DIRECTION('center_axis',(0.,0.,1.));
#1579=DIRECTION('ref_axis',(-1.,0.,0.));
#1580=DIRECTION('center_axis',(0.,1.,0.));
#1581=DIRECTION('ref_axis',(0.,0.,1.));
#1582=DIRECTION('center_axis',(-1.,0.,-8.88178419700124E-15));
#1583=DIRECTION('ref_axis',(0.,1.,0.));
#1584=DIRECTION('center_axis',(0.,1.,0.));
#1585=DIRECTION('ref_axis',(-0.707106781186548,0.,0.707106781186548));
#1586=DIRECTION('',(0.,-1.,0.));
#1587=DIRECTION('',(0.,1.,0.));
#1588=DIRECTION('center_axis',(-0.408248290463865,-0.408248290463863,-0.816496580927725));
#1589=DIRECTION('ref_axis',(0.577350269189627,0.577350269189625,-0.577350269189625));
#1590=DIRECTION('center_axis',(0.,0.,-1.));
#1591=DIRECTION('ref_axis',(1.,0.,0.));
#1592=DIRECTION('center_axis',(0.,1.,0.));
#1593=DIRECTION('ref_axis',(0.,0.,-1.));
#1594=DIRECTION('center_axis',(1.,0.,0.));
#1595=DIRECTION('ref_axis',(0.,1.,0.));
#1596=DIRECTION('center_axis',(0.,1.,0.));
#1597=DIRECTION('ref_axis',(0.707106781186555,0.,-0.70710678118654));
#1598=DIRECTION('',(0.,-1.,0.));
#1599=DIRECTION('',(0.,1.,0.));
#1600=DIRECTION('center_axis',(-1.,0.,0.));
#1601=DIRECTION('ref_axis',(0.,0.707106781186554,-0.707106781186541));
#1602=DIRECTION('',(1.,0.,0.));
#1603=DIRECTION('',(-1.,0.,0.));
#1604=DIRECTION('center_axis',(0.408248290463864,0.40824829046386,-0.816496580927727));
#1605=DIRECTION('ref_axis',(0.577350269189629,0.577350269189623,0.577350269189625));
#1606=DIRECTION('center_axis',(1.,0.,0.));
#1607=DIRECTION('ref_axis',(0.,0.,1.));
#1608=DIRECTION('center_axis',(0.,1.,0.));
#1609=DIRECTION('ref_axis',(1.,0.,-1.38777878078144E-16));
#1610=DIRECTION('center_axis',(0.,0.,1.));
#1611=DIRECTION('ref_axis',(0.,1.,0.));
#1612=DIRECTION('center_axis',(0.,1.,0.));
#1613=DIRECTION('ref_axis',(0.707106781186548,0.,0.707106781186547));
#1614=DIRECTION('',(0.,-1.,0.));
#1615=DIRECTION('',(0.,1.,0.));
#1616=DIRECTION('center_axis',(-1.85037170770859E-16,0.,-1.));
#1617=DIRECTION('ref_axis',(0.707106781186549,0.707106781186546,0.));
#1618=DIRECTION('',(1.85037170770859E-16,0.,1.));
#1619=DIRECTION('',(-1.85037170770859E-16,0.,-1.));
#1620=DIRECTION('center_axis',(1.,0.,1.97215226305253E-32));
#1621=DIRECTION('ref_axis',(0.,0.707106781186546,0.707106781186549));
#1622=DIRECTION('',(-1.,0.,-1.97215226305253E-32));
#1623=DIRECTION('',(1.,0.,1.97215226305253E-32));
#1624=DIRECTION('center_axis',(5.9211894646675E-17,0.,1.));
#1625=DIRECTION('ref_axis',(-0.707106781186548,0.707106781186548,0.));
#1626=DIRECTION('',(-5.9211894646675E-17,0.,-1.));
#1627=DIRECTION('',(5.9211894646675E-17,0.,1.));
#1628=DIRECTION('center_axis',(-1.,0.,5.9211894646675E-17));
#1629=DIRECTION('ref_axis',(5.9211894646675E-17,0.,1.));
#1630=DIRECTION('center_axis',(0.,1.,0.));
#1631=DIRECTION('ref_axis',(0.,0.,1.));
#1632=DIRECTION('center_axis',(0.,0.,-1.));
#1633=DIRECTION('ref_axis',(-1.,0.,0.));
#1634=DIRECTION('center_axis',(-1.97215226305253E-32,0.,1.));
#1635=DIRECTION('ref_axis',(1.,0.,1.97215226305253E-32));
#1636=DIRECTION('center_axis',(1.,0.,-1.85037170770859E-16));
#1637=DIRECTION('ref_axis',(-1.85037170770859E-16,0.,-1.));
#1638=DIRECTION('center_axis',(-1.,0.,1.85037170770859E-16));
#1639=DIRECTION('ref_axis',(-1.90323947078598E-16,0.,-1.));
#1640=DIRECTION('center_axis',(-1.,0.,1.85037170770859E-16));
#1641=DIRECTION('ref_axis',(-1.26882631385732E-16,0.,-1.));
#1642=DIRECTION('center_axis',(-1.,0.,1.85037170770859E-16));
#1643=DIRECTION('ref_axis',(-1.90323947078598E-16,0.,-1.));
#1644=DIRECTION('center_axis',(-1.,0.,1.85037170770859E-16));
#1645=DIRECTION('ref_axis',(-1.26882631385732E-16,0.,-1.));
#1646=DIRECTION('center_axis',(-1.,0.,1.85037170770859E-16));
#1647=DIRECTION('ref_axis',(-1.26882631385732E-16,0.,-1.));
#1648=DIRECTION('center_axis',(-1.,0.,1.85037170770859E-16));
#1649=DIRECTION('ref_axis',(-1.90323947078598E-16,0.,-1.));
#1650=DIRECTION('center_axis',(-1.,0.,1.85037170770859E-16));
#1651=DIRECTION('ref_axis',(-1.26882631385732E-16,0.,-1.));
#1652=DIRECTION('center_axis',(-1.,0.,1.85037170770859E-16));
#1653=DIRECTION('ref_axis',(-1.90323947078598E-16,0.,-1.));
#1654=DIRECTION('center_axis',(-1.,0.,1.85037170770859E-16));
#1655=DIRECTION('ref_axis',(-1.26882631385732E-16,0.,-1.));
#1656=DIRECTION('center_axis',(-1.,0.,1.85037170770859E-16));
#1657=DIRECTION('ref_axis',(-1.26882631385732E-16,0.,-1.));
#1658=DIRECTION('center_axis',(-1.,0.,1.85037170770859E-16));
#1659=DIRECTION('ref_axis',(-1.90323947078598E-16,0.,-1.));
#1660=DIRECTION('center_axis',(-1.,0.,1.85037170770859E-16));
#1661=DIRECTION('ref_axis',(-1.26882631385732E-16,0.,-1.));
#1662=DIRECTION('center_axis',(-1.,0.,1.85037170770859E-16));
#1663=DIRECTION('ref_axis',(-1.90323947078598E-16,0.,-1.));
#1664=DIRECTION('center_axis',(-1.,0.,1.85037170770859E-16));
#1665=DIRECTION('ref_axis',(-1.26882631385732E-16,0.,-1.));
#1666=DIRECTION('center_axis',(-1.,0.,1.85037170770859E-16));
#1667=DIRECTION('ref_axis',(-1.26882631385732E-16,0.,-1.));
#1668=DIRECTION('',(0.,-1.,0.));
#1669=DIRECTION('',(1.85037170770859E-16,0.,1.));
#1670=DIRECTION('',(0.,1.,0.));
#1671=DIRECTION('',(-1.85037170770859E-16,0.,-1.));
#1672=DIRECTION('',(-1.10254517418752E-31,-1.,-5.95850644275606E-16));
#1673=DIRECTION('',(1.85037170770859E-16,0.,1.));
#1674=DIRECTION('',(0.,1.,0.));
#1675=DIRECTION('',(-1.85037170770859E-16,0.,-1.));
#1676=DIRECTION('',(-6.11838818324054E-17,-0.943750911917995,-0.330657248905802));
#1677=DIRECTION('',(-6.11838818324054E-17,0.943750911917995,-0.330657248905802));
#1678=DIRECTION('',(-1.85037170770859E-16,0.,-1.));
#1679=DIRECTION('',(0.,-1.,0.));
#1680=DIRECTION('',(1.85037170770859E-16,-3.89420452396855E-16,1.));
#1681=DIRECTION('',(0.,1.,0.));
#1682=DIRECTION('',(8.89371014249045E-17,-0.876915531304519,0.480644516203934));
#1683=DIRECTION('',(8.89371014249049E-17,0.876915531304517,0.480644516203936));
#1684=DIRECTION('',(1.85037170770859E-16,0.,1.));
#1685=DIRECTION('',(0.,1.,0.));
#1686=DIRECTION('',(-1.85037170770859E-16,0.,-1.));
#1687=DIRECTION('',(0.,-1.,0.));
#1688=DIRECTION('',(-1.30841038223648E-16,0.707106781186548,-0.707106781186548));
#1689=DIRECTION('',(0.,-1.,0.));
#1690=DIRECTION('',(1.30841038223648E-16,-0.707106781186548,0.707106781186547));
#1691=DIRECTION('',(-1.30841038223648E-16,-0.707106781186547,-0.707106781186548));
#1692=DIRECTION('',(0.,-1.,0.));
#1693=DIRECTION('',(1.26266117609487E-16,0.730995344929381,0.682382448258727));
#1694=DIRECTION('',(0.,-1.,0.));
#1695=DIRECTION('center_axis',(0.,1.,0.));
#1696=DIRECTION('ref_axis',(0.,0.,1.));
#1697=DIRECTION('center_axis',(0.,-1.,0.));
#1698=DIRECTION('ref_axis',(1.,0.,0.));
#1699=DIRECTION('center_axis',(0.,0.,-1.));
#1700=DIRECTION('ref_axis',(0.,1.,0.));
#1701=DIRECTION('',(1.,0.,0.));
#1702=DIRECTION('',(0.,1.,0.));
#1703=DIRECTION('',(1.,0.,0.));
#1704=DIRECTION('center_axis',(0.,-0.682382448258727,0.730995344929381));
#1705=DIRECTION('ref_axis',(-1.26266117609487E-16,-0.730995344929381,-0.682382448258727));
#1706=DIRECTION('',(-1.26266117609487E-16,-0.730995344929381,-0.682382448258727));
#1707=DIRECTION('',(1.,0.,0.));
#1708=DIRECTION('center_axis',(0.,0.707106781186548,0.707106781186548));
#1709=DIRECTION('ref_axis',(1.30841038223648E-16,-0.707106781186548,0.707106781186548));
#1710=DIRECTION('',(1.30841038223648E-16,-0.707106781186548,0.707106781186548));
#1711=DIRECTION('',(1.,0.,0.));
#1712=DIRECTION('center_axis',(0.,0.,-1.));
#1713=DIRECTION('ref_axis',(0.,1.,0.));
#1714=DIRECTION('',(0.,1.,0.));
#1715=DIRECTION('',(1.,0.,0.));
#1716=DIRECTION('center_axis',(0.,-0.707106781186547,-0.707106781186548));
#1717=DIRECTION('ref_axis',(-1.30841038223648E-16,0.707106781186548,-0.707106781186547));
#1718=DIRECTION('',(-1.30841038223648E-16,0.707106781186548,-0.707106781186547));
#1719=DIRECTION('',(1.,0.,0.));
#1720=DIRECTION('center_axis',(0.,0.707106781186548,-0.707106781186547));
#1721=DIRECTION('ref_axis',(1.30841038223648E-16,0.707106781186547,0.707106781186548));
#1722=DIRECTION('',(1.30841038223648E-16,0.707106781186547,0.707106781186548));
#1723=DIRECTION('center_axis',(1.,0.,0.));
#1724=DIRECTION('ref_axis',(0.,0.,-1.));
#1725=DIRECTION('center_axis',(0.,0.,-1.));
#1726=DIRECTION('ref_axis',(0.,1.,0.));
#1727=DIRECTION('',(1.,0.,0.));
#1728=DIRECTION('',(1.,0.,0.));
#1729=DIRECTION('',(0.,1.,0.));
#1730=DIRECTION('center_axis',(0.,-1.,0.));
#1731=DIRECTION('ref_axis',(-1.85037170770859E-16,0.,-1.));
#1732=DIRECTION('',(1.,0.,0.));
#1733=DIRECTION('',(-1.85037170770859E-16,0.,-1.));
#1734=DIRECTION('',(1.,0.,0.));
#1735=DIRECTION('center_axis',(0.,0.,1.));
#1736=DIRECTION('ref_axis',(0.,-1.,0.));
#1737=DIRECTION('',(0.,-1.,0.));
#1738=DIRECTION('',(1.,0.,0.));
#1739=DIRECTION('center_axis',(0.,1.,0.));
#1740=DIRECTION('ref_axis',(1.85037170770859E-16,0.,1.));
#1741=DIRECTION('',(1.85037170770859E-16,0.,1.));
#1742=DIRECTION('center_axis',(0.,0.,-1.));
#1743=DIRECTION('ref_axis',(0.,1.,0.));
#1744=DIRECTION('',(0.,1.,0.));
#1745=DIRECTION('center_axis',(1.,0.,0.));
#1746=DIRECTION('ref_axis',(0.,0.,-1.));
#1747=DIRECTION('center_axis',(0.,5.95850644275606E-16,-1.));
#1748=DIRECTION('ref_axis',(1.10254517418752E-31,1.,5.95850644275606E-16));
#1749=DIRECTION('',(1.,0.,0.));
#1750=DIRECTION('',(1.10254517418752E-31,1.,5.95850644275606E-16));
#1751=DIRECTION('',(1.,0.,0.));
#1752=DIRECTION('center_axis',(0.,-1.,0.));
#1753=DIRECTION('ref_axis',(-1.85037170770859E-16,0.,-1.));
#1754=DIRECTION('',(-1.85037170770859E-16,0.,-1.));
#1755=DIRECTION('',(1.,0.,0.));
#1756=DIRECTION('center_axis',(0.,0.,1.));
#1757=DIRECTION('ref_axis',(0.,-1.,0.));
#1758=DIRECTION('',(0.,-1.,0.));
#1759=DIRECTION('',(1.,0.,0.));
#1760=DIRECTION('center_axis',(0.,1.,0.));
#1761=DIRECTION('ref_axis',(1.85037170770859E-16,0.,1.));
#1762=DIRECTION('',(1.85037170770859E-16,0.,1.));
#1763=DIRECTION('',(1.,0.,0.));
#1764=DIRECTION('center_axis',(0.,0.330657248905802,-0.943750911917995));
#1765=DIRECTION('ref_axis',(6.11838818324054E-17,0.943750911917995,0.330657248905802));
#1766=DIRECTION('',(6.11838818324054E-17,0.943750911917995,0.330657248905802));
#1767=DIRECTION('',(1.,0.,0.));
#1768=DIRECTION('center_axis',(0.,0.330657248905802,0.943750911917995));
#1769=DIRECTION('ref_axis',(6.11838818324054E-17,-0.943750911917995,0.330657248905802));
#1770=DIRECTION('',(6.11838818324054E-17,-0.943750911917995,0.330657248905802));
#1771=DIRECTION('',(1.,0.,0.));
#1772=DIRECTION('center_axis',(0.,1.,0.));
#1773=DIRECTION('ref_axis',(1.85037170770859E-16,0.,1.));
#1774=DIRECTION('',(1.85037170770859E-16,0.,1.));
#1775=DIRECTION('',(1.,0.,0.));
#1776=DIRECTION('center_axis',(0.,0.,-1.));
#1777=DIRECTION('ref_axis',(0.,1.,0.));
#1778=DIRECTION('',(0.,1.,0.));
#1779=DIRECTION('',(1.,0.,0.));
#1780=DIRECTION('center_axis',(0.,-1.,-3.89420452396855E-16));
#1781=DIRECTION('ref_axis',(-1.85037170770859E-16,3.89420452396855E-16,
-1.));
#1782=DIRECTION('',(-1.85037170770859E-16,3.89420452396855E-16,-1.));
#1783=DIRECTION('',(1.,0.,0.));
#1784=DIRECTION('center_axis',(0.,0.,1.));
#1785=DIRECTION('ref_axis',(0.,-1.,0.));
#1786=DIRECTION('',(0.,-1.,0.));
#1787=DIRECTION('',(1.,0.,0.));
#1788=DIRECTION('center_axis',(0.,-0.480644516203934,-0.876915531304518));
#1789=DIRECTION('ref_axis',(-8.89371014249045E-17,0.876915531304519,-0.480644516203934));
#1790=DIRECTION('',(-8.89371014249045E-17,0.876915531304519,-0.480644516203934));
#1791=DIRECTION('',(1.,0.,0.));
#1792=DIRECTION('center_axis',(0.,-0.480644516203936,0.876915531304517));
#1793=DIRECTION('ref_axis',(-8.89371014249049E-17,-0.876915531304517,-0.480644516203936));
#1794=DIRECTION('',(-8.89371014249049E-17,-0.876915531304517,-0.480644516203936));
#1795=DIRECTION('center_axis',(1.,0.,0.));
#1796=DIRECTION('ref_axis',(0.,0.,-1.));
#1797=DIRECTION('center_axis',(-1.86358864847794E-16,0.,-1.));
#1798=DIRECTION('ref_axis',(0.,-1.,0.));
#1799=DIRECTION('',(-1.,0.,1.86358864847794E-16));
#1800=DIRECTION('',(0.,-1.,0.));
#1801=DIRECTION('',(-1.,0.,1.86358864847794E-16));
#1802=DIRECTION('center_axis',(0.,1.,0.));
#1803=DIRECTION('ref_axis',(-1.85037170770859E-16,0.,-1.));
#1804=DIRECTION('',(-1.,0.,1.86358864847794E-16));
#1805=DIRECTION('',(-1.85037170770859E-16,0.,-1.));
#1806=DIRECTION('center_axis',(1.86358864847794E-16,0.,1.));
#1807=DIRECTION('ref_axis',(0.,1.,0.));
#1808=DIRECTION('',(-1.,0.,1.86358864847794E-16));
#1809=DIRECTION('',(0.,1.,0.));
#1810=DIRECTION('center_axis',(0.,-1.,0.));
#1811=DIRECTION('ref_axis',(1.85037170770859E-16,0.,1.));
#1812=DIRECTION('',(1.85037170770859E-16,0.,1.));
#1813=DIRECTION('center_axis',(-1.,0.,1.86358864847794E-16));
#1814=DIRECTION('ref_axis',(1.86358864847794E-16,0.,1.));
#1815=DIRECTION('center_axis',(0.,-1.,0.));
#1816=DIRECTION('ref_axis',(1.,0.,0.));
#1817=DIRECTION('',(0.,-1.,0.));
#1818=DIRECTION('center_axis',(0.,-1.,0.));
#1819=DIRECTION('ref_axis',(1.,0.,0.));
#1820=DIRECTION('center_axis',(0.,1.,0.));
#1821=DIRECTION('ref_axis',(0.,0.,1.));
#1822=DIRECTION('center_axis',(-1.,0.,1.26882631385732E-16));
#1823=DIRECTION('ref_axis',(-1.26882631385732E-16,0.,-1.));
#1824=DIRECTION('',(-1.,0.,1.26882631385732E-16));
#1825=DIRECTION('center_axis',(-1.,0.,1.85037170770859E-16));
#1826=DIRECTION('ref_axis',(-1.85037170770859E-16,0.,-1.));
#1827=DIRECTION('center_axis',(1.,0.,-1.85037170770859E-16));
#1828=DIRECTION('ref_axis',(-1.85037170770859E-16,0.,-1.));
#1829=DIRECTION('center_axis',(-1.,0.,1.26882631385732E-16));
#1830=DIRECTION('ref_axis',(-1.26882631385732E-16,0.,-1.));
#1831=DIRECTION('',(-1.,0.,1.26882631385732E-16));
#1832=DIRECTION('center_axis',(-1.,0.,1.85037170770859E-16));
#1833=DIRECTION('ref_axis',(-1.85037170770859E-16,0.,-1.));
#1834=DIRECTION('center_axis',(1.,0.,-1.85037170770859E-16));
#1835=DIRECTION('ref_axis',(-1.85037170770859E-16,0.,-1.));
#1836=DIRECTION('center_axis',(-1.,0.,1.90323947078598E-16));
#1837=DIRECTION('ref_axis',(-1.90323947078598E-16,0.,-1.));
#1838=DIRECTION('',(-1.,0.,1.90323947078598E-16));
#1839=DIRECTION('center_axis',(-1.,0.,1.85037170770859E-16));
#1840=DIRECTION('ref_axis',(-1.85037170770859E-16,0.,-1.));
#1841=DIRECTION('center_axis',(1.,0.,-1.85037170770859E-16));
#1842=DIRECTION('ref_axis',(-1.85037170770859E-16,0.,-1.));
#1843=DIRECTION('center_axis',(-1.,0.,1.26882631385732E-16));
#1844=DIRECTION('ref_axis',(-1.26882631385732E-16,0.,-1.));
#1845=DIRECTION('',(-1.,0.,1.26882631385732E-16));
#1846=DIRECTION('center_axis',(-1.,0.,1.85037170770859E-16));
#1847=DIRECTION('ref_axis',(-1.85037170770859E-16,0.,-1.));
#1848=DIRECTION('center_axis',(1.,0.,-1.85037170770859E-16));
#1849=DIRECTION('ref_axis',(-1.85037170770859E-16,0.,-1.));
#1850=DIRECTION('center_axis',(-1.,0.,1.90323947078598E-16));
#1851=DIRECTION('ref_axis',(-1.90323947078598E-16,0.,-1.));
#1852=DIRECTION('',(-1.,0.,1.90323947078598E-16));
#1853=DIRECTION('center_axis',(-1.,0.,1.85037170770859E-16));
#1854=DIRECTION('ref_axis',(-1.85037170770859E-16,0.,-1.));
#1855=DIRECTION('center_axis',(1.,0.,-1.85037170770859E-16));
#1856=DIRECTION('ref_axis',(-1.85037170770859E-16,0.,-1.));
#1857=DIRECTION('center_axis',(-1.,0.,1.26882631385732E-16));
#1858=DIRECTION('ref_axis',(-1.26882631385732E-16,0.,-1.));
#1859=DIRECTION('',(-1.,0.,1.26882631385732E-16));
#1860=DIRECTION('center_axis',(-1.,0.,1.85037170770859E-16));
#1861=DIRECTION('ref_axis',(-1.85037170770859E-16,0.,-1.));
#1862=DIRECTION('center_axis',(1.,0.,-1.85037170770859E-16));
#1863=DIRECTION('ref_axis',(-1.85037170770859E-16,0.,-1.));
#1864=DIRECTION('center_axis',(-1.,0.,1.26882631385732E-16));
#1865=DIRECTION('ref_axis',(-1.26882631385732E-16,0.,-1.));
#1866=DIRECTION('',(-1.,0.,1.26882631385732E-16));
#1867=DIRECTION('center_axis',(-1.,0.,1.85037170770859E-16));
#1868=DIRECTION('ref_axis',(-1.85037170770859E-16,0.,-1.));
#1869=DIRECTION('center_axis',(1.,0.,-1.85037170770859E-16));
#1870=DIRECTION('ref_axis',(-1.85037170770859E-16,0.,-1.));
#1871=DIRECTION('center_axis',(-1.,0.,1.90323947078598E-16));
#1872=DIRECTION('ref_axis',(-1.90323947078598E-16,0.,-1.));
#1873=DIRECTION('',(-1.,0.,1.90323947078598E-16));
#1874=DIRECTION('center_axis',(-1.,0.,1.85037170770859E-16));
#1875=DIRECTION('ref_axis',(-1.85037170770859E-16,0.,-1.));
#1876=DIRECTION('center_axis',(1.,0.,-1.85037170770859E-16));
#1877=DIRECTION('ref_axis',(-1.85037170770859E-16,0.,-1.));
#1878=DIRECTION('center_axis',(-1.,0.,1.26882631385732E-16));
#1879=DIRECTION('ref_axis',(-1.26882631385732E-16,0.,-1.));
#1880=DIRECTION('',(-1.,0.,1.26882631385732E-16));
#1881=DIRECTION('center_axis',(-1.,0.,1.85037170770859E-16));
#1882=DIRECTION('ref_axis',(-1.85037170770859E-16,0.,-1.));
#1883=DIRECTION('center_axis',(1.,0.,-1.85037170770859E-16));
#1884=DIRECTION('ref_axis',(-1.85037170770859E-16,0.,-1.));
#1885=DIRECTION('center_axis',(-1.,0.,1.90323947078598E-16));
#1886=DIRECTION('ref_axis',(-1.90323947078598E-16,0.,-1.));
#1887=DIRECTION('',(-1.,0.,1.90323947078598E-16));
#1888=DIRECTION('center_axis',(-1.,0.,1.85037170770859E-16));
#1889=DIRECTION('ref_axis',(-1.85037170770859E-16,0.,-1.));
#1890=DIRECTION('center_axis',(1.,0.,-1.85037170770859E-16));
#1891=DIRECTION('ref_axis',(-1.85037170770859E-16,0.,-1.));
#1892=DIRECTION('center_axis',(-1.,0.,1.26882631385732E-16));
#1893=DIRECTION('ref_axis',(-1.26882631385732E-16,0.,-1.));
#1894=DIRECTION('',(-1.,0.,1.26882631385732E-16));
#1895=DIRECTION('center_axis',(-1.,0.,1.85037170770859E-16));
#1896=DIRECTION('ref_axis',(-1.85037170770859E-16,0.,-1.));
#1897=DIRECTION('center_axis',(1.,0.,-1.85037170770859E-16));
#1898=DIRECTION('ref_axis',(-1.85037170770859E-16,0.,-1.));
#1899=DIRECTION('center_axis',(-1.,0.,1.26882631385732E-16));
#1900=DIRECTION('ref_axis',(-1.26882631385732E-16,0.,-1.));
#1901=DIRECTION('',(-1.,0.,1.26882631385732E-16));
#1902=DIRECTION('center_axis',(-1.,0.,1.85037170770859E-16));
#1903=DIRECTION('ref_axis',(-1.85037170770859E-16,0.,-1.));
#1904=DIRECTION('center_axis',(1.,0.,-1.85037170770859E-16));
#1905=DIRECTION('ref_axis',(-1.85037170770859E-16,0.,-1.));
#1906=DIRECTION('center_axis',(-1.,0.,1.90323947078598E-16));
#1907=DIRECTION('ref_axis',(-1.90323947078598E-16,0.,-1.));
#1908=DIRECTION('',(-1.,0.,1.90323947078598E-16));
#1909=DIRECTION('center_axis',(-1.,0.,1.85037170770859E-16));
#1910=DIRECTION('ref_axis',(-1.85037170770859E-16,0.,-1.));
#1911=DIRECTION('center_axis',(1.,0.,-1.85037170770859E-16));
#1912=DIRECTION('ref_axis',(-1.85037170770859E-16,0.,-1.));
#1913=DIRECTION('center_axis',(-1.,0.,1.26882631385732E-16));
#1914=DIRECTION('ref_axis',(-1.26882631385732E-16,0.,-1.));
#1915=DIRECTION('',(-1.,0.,1.26882631385732E-16));
#1916=DIRECTION('center_axis',(-1.,0.,1.85037170770859E-16));
#1917=DIRECTION('ref_axis',(-1.85037170770859E-16,0.,-1.));
#1918=DIRECTION('center_axis',(1.,0.,-1.85037170770859E-16));
#1919=DIRECTION('ref_axis',(-1.85037170770859E-16,0.,-1.));
#1920=DIRECTION('center_axis',(-1.,0.,1.90323947078598E-16));
#1921=DIRECTION('ref_axis',(-1.90323947078598E-16,0.,-1.));
#1922=DIRECTION('',(-1.,0.,1.90323947078598E-16));
#1923=DIRECTION('center_axis',(-1.,0.,1.85037170770859E-16));
#1924=DIRECTION('ref_axis',(-1.85037170770859E-16,0.,-1.));
#1925=DIRECTION('center_axis',(1.,0.,-1.85037170770859E-16));
#1926=DIRECTION('ref_axis',(-1.85037170770859E-16,0.,-1.));
#1927=CARTESIAN_POINT('',(0.,0.,0.));
#1928=CARTESIAN_POINT('Origin',(-148.,2.,-298.));
#1929=CARTESIAN_POINT('',(-148.,2.,-300.));
#1930=CARTESIAN_POINT('',(-150.,2.,-298.));
#1931=CARTESIAN_POINT('Origin',(-148.,2.,-298.));
#1932=CARTESIAN_POINT('',(-148.,0.,-298.));
#1933=CARTESIAN_POINT('Origin',(-148.,2.,-298.));
#1934=CARTESIAN_POINT('Origin',(-148.,2.,-298.));
#1935=CARTESIAN_POINT('Origin',(-148.,2.,-1.99999999999999));
#1936=CARTESIAN_POINT('',(-150.,2.,-1.99999999999999));
#1937=CARTESIAN_POINT('',(-148.,2.,0.));
#1938=CARTESIAN_POINT('Origin',(-148.,2.,-1.99999999999999));
#1939=CARTESIAN_POINT('',(-148.,0.,-1.99999999999999));
#1940=CARTESIAN_POINT('Origin',(-148.,2.,-1.99999999999999));
#1941=CARTESIAN_POINT('Origin',(-148.,2.,-1.99999999999999));
#1942=CARTESIAN_POINT('Origin',(-148.,2.,-225.));
#1943=CARTESIAN_POINT('',(-150.,2.,-225.));
#1944=CARTESIAN_POINT('',(-148.,0.,-225.));
#1945=CARTESIAN_POINT('Origin',(-2.00000000000006,2.,-298.));
#1946=CARTESIAN_POINT('',(-2.00000000000006,0.,-298.));
#1947=CARTESIAN_POINT('',(-5.51410768897161E-14,2.,-298.));
#1948=CARTESIAN_POINT('Origin',(-2.00000000000006,2.,-298.));
#1949=CARTESIAN_POINT('',(-2.00000000000006,2.,-300.));
#1950=CARTESIAN_POINT('Origin',(-2.00000000000006,2.,-298.));
#1951=CARTESIAN_POINT('Origin',(-2.00000000000006,2.,-298.));
#1952=CARTESIAN_POINT('Origin',(-37.5,2.,-298.));
#1953=CARTESIAN_POINT('',(-37.5,2.,-300.));
#1954=CARTESIAN_POINT('',(-37.5,0.,-298.));
#1955=CARTESIAN_POINT('Origin',(-148.,148.,-298.));
#1956=CARTESIAN_POINT('',(-148.,148.,-300.));
#1957=CARTESIAN_POINT('',(-148.,150.,-298.));
#1958=CARTESIAN_POINT('Origin',(-148.,148.,-298.));
#1959=CARTESIAN_POINT('',(-150.,148.,-298.));
#1960=CARTESIAN_POINT('Origin',(-148.,148.,-298.));
#1961=CARTESIAN_POINT('Origin',(-148.,148.,-298.));
#1962=CARTESIAN_POINT('Origin',(-148.,0.,-298.));
#1963=CARTESIAN_POINT('',(-148.,0.,-300.));
#1964=CARTESIAN_POINT('',(-150.,0.,-298.));
#1965=CARTESIAN_POINT('Origin',(-1.99999999999999,2.,-1.99999999999999));
#1966=CARTESIAN_POINT('',(-1.99999999999999,2.,2.17922825067305E-30));
#1967=CARTESIAN_POINT('',(-2.77555756156289E-16,2.,-2.));
#1968=CARTESIAN_POINT('Origin',(-2.,2.,-2.));
#1969=CARTESIAN_POINT('',(-2.,0.,-1.99999999999999));
#1970=CARTESIAN_POINT('Origin',(-1.99999999999999,2.,-1.99999999999999));
#1971=CARTESIAN_POINT('Origin',(-2.,2.,-2.));
#1972=CARTESIAN_POINT('Origin',(-112.5,2.,-1.99999999999999));
#1973=CARTESIAN_POINT('',(-112.5,2.,0.));
#1974=CARTESIAN_POINT('',(-112.5,0.,-1.99999999999999));
#1975=CARTESIAN_POINT('Origin',(-2.00000000000002,2.,-75.));
#1976=CARTESIAN_POINT('',(-1.38777878078145E-14,2.,-75.));
#1977=CARTESIAN_POINT('',(-2.00000000000002,0.,-75.));
#1978=CARTESIAN_POINT('Origin',(-148.,148.,-1.99999999999999));
#1979=CARTESIAN_POINT('',(-150.,148.,-1.99999999999999));
#1980=CARTESIAN_POINT('',(-148.,150.,-1.99999999999999));
#1981=CARTESIAN_POINT('Origin',(-148.,148.,-1.99999999999999));
#1982=CARTESIAN_POINT('',(-148.,148.,-7.00114053383648E-31));
#1983=CARTESIAN_POINT('Origin',(-148.,148.,-1.99999999999999));
#1984=CARTESIAN_POINT('Origin',(-148.,148.,-2.));
#1985=CARTESIAN_POINT('Origin',(-148.,0.,-1.99999999999999));
#1986=CARTESIAN_POINT('',(-150.,0.,-1.99999999999999));
#1987=CARTESIAN_POINT('',(-148.,0.,0.));
#1988=CARTESIAN_POINT('Origin',(-2.00000000000006,148.,-298.));
#1989=CARTESIAN_POINT('',(-5.52335954751015E-14,148.,-298.));
#1990=CARTESIAN_POINT('',(-2.00000000000006,150.,-298.));
#1991=CARTESIAN_POINT('Origin',(-2.00000000000006,148.,-298.));
#1992=CARTESIAN_POINT('',(-2.00000000000006,148.,-300.));
#1993=CARTESIAN_POINT('Origin',(-2.00000000000006,148.,-298.));
#1994=CARTESIAN_POINT('Origin',(-2.00000000000006,148.,-298.));
#1995=CARTESIAN_POINT('Origin',(-2.00000000000006,0.,-298.));
#1996=CARTESIAN_POINT('',(-5.52335954751015E-14,0.,-298.));
#1997=CARTESIAN_POINT('',(-2.00000000000006,0.,-300.));
#1998=CARTESIAN_POINT('Origin',(-37.5,148.,-298.));
#1999=CARTESIAN_POINT('',(-37.5,150.,-298.));
#2000=CARTESIAN_POINT('',(-37.5,148.,-300.));
#2001=CARTESIAN_POINT('Origin',(-2.,148.,-2.));
#2002=CARTESIAN_POINT('',(-2.,148.,0.));
#2003=CARTESIAN_POINT('',(-1.99999999999999,150.,-2.));
#2004=CARTESIAN_POINT('Origin',(-1.99999999999999,148.,-2.));
#2005=CARTESIAN_POINT('',(-3.70074341541718E-16,148.,-2.));
#2006=CARTESIAN_POINT('Origin',(-2.,148.,-2.));
#2007=CARTESIAN_POINT('Origin',(-2.,148.,-2.));
#2008=CARTESIAN_POINT('Origin',(-2.,0.,-2.));
#2009=CARTESIAN_POINT('',(-2.,0.,0.));
#2010=CARTESIAN_POINT('',(-2.77555756156289E-16,0.,-2.));
#2011=CARTESIAN_POINT('Origin',(-2.00000000000002,148.,-75.));
#2012=CARTESIAN_POINT('',(-2.00000000000002,150.,-75.));
#2013=CARTESIAN_POINT('',(-1.38777878078145E-14,148.,-75.));
#2014=CARTESIAN_POINT('Origin',(-112.5,148.,-2.));
#2015=CARTESIAN_POINT('',(-112.5,150.,-2.));
#2016=CARTESIAN_POINT('',(-112.5,148.,0.));
#2017=CARTESIAN_POINT('Origin',(-148.,148.,-225.));
#2018=CARTESIAN_POINT('',(-148.,150.,-225.));
#2019=CARTESIAN_POINT('',(-150.,148.,-225.));
#2020=CARTESIAN_POINT('Origin',(-150.,0.,-300.));
#2021=CARTESIAN_POINT('Origin',(-75.,0.,-150.));
#2022=CARTESIAN_POINT('Origin',(-5.55111512312578E-14,0.,-300.));
#2023=CARTESIAN_POINT('Origin',(-150.,0.,-2.95822839457879E-30));
#2024=CARTESIAN_POINT('Origin',(0.,0.,0.));
#2025=CARTESIAN_POINT('',(-9.51619735392991E-16,135.,-5.));
#2026=CARTESIAN_POINT('Origin',(-2.85485920617897E-15,135.,-15.));
#2027=CARTESIAN_POINT('',(-1.58603289232165E-14,135.,-125.));
#2028=CARTESIAN_POINT('Origin',(-1.71291552370738E-14,135.,-135.));
#2029=CARTESIAN_POINT('',(-6.66133814775094E-15,75.,-35.));
#2030=CARTESIAN_POINT('Origin',(-8.56457761853692E-15,75.,-45.));
#2031=CARTESIAN_POINT('',(-8.24737104007259E-15,105.,-65.));
#2032=CARTESIAN_POINT('Origin',(-9.51619735392991E-15,105.,-75.));
#2033=CARTESIAN_POINT('',(-1.20538499816446E-14,105.,-95.));
#2034=CARTESIAN_POINT('Origin',(-1.33226762955019E-14,105.,-105.));
#2035=CARTESIAN_POINT('',(-9.51619735392991E-16,75.,-5.));
#2036=CARTESIAN_POINT('Origin',(-2.85485920617897E-15,75.,-15.));
#2037=CARTESIAN_POINT('',(-1.58603289232165E-14,75.,-125.));
#2038=CARTESIAN_POINT('Origin',(-1.71291552370738E-14,75.,-135.));
#2039=CARTESIAN_POINT('',(-6.66133814775094E-15,135.,-35.));
#2040=CARTESIAN_POINT('Origin',(-8.56457761853692E-15,135.,-45.));
#2041=CARTESIAN_POINT('',(-1.20538499816446E-14,135.,-95.));
#2042=CARTESIAN_POINT('Origin',(-1.33226762955019E-14,135.,-105.));
#2043=CARTESIAN_POINT('',(-8.24737104007259E-15,75.,-65.));
#2044=CARTESIAN_POINT('Origin',(-9.51619735392991E-15,75.,-75.));
#2045=CARTESIAN_POINT('',(-6.66133814775094E-15,105.,-35.));
#2046=CARTESIAN_POINT('Origin',(-8.56457761853692E-15,105.,-45.));
#2047=CARTESIAN_POINT('',(-1.58603289232165E-14,105.,-125.));
#2048=CARTESIAN_POINT('Origin',(-1.71291552370738E-14,105.,-135.));
#2049=CARTESIAN_POINT('',(-9.51619735392991E-16,105.,-5.));
#2050=CARTESIAN_POINT('Origin',(-2.85485920617897E-15,105.,-15.));
#2051=CARTESIAN_POINT('',(-1.20538499816446E-14,75.,-95.));
#2052=CARTESIAN_POINT('Origin',(-1.33226762955019E-14,75.,-105.));
#2053=CARTESIAN_POINT('',(-8.24737104007259E-15,135.,-65.));
#2054=CARTESIAN_POINT('Origin',(-9.51619735392991E-15,135.,-75.));
#2055=CARTESIAN_POINT('',(-2.68931893085123E-14,54.6089297091718,-145.339388818344));
#2056=CARTESIAN_POINT('',(-2.68931893085123E-14,5.6884298793863,-145.339388818344));
#2057=CARTESIAN_POINT('',(-2.68931893085123E-14,27.3044648545859,-145.339388818344));
#2058=CARTESIAN_POINT('',(-9.25185853854297E-16,5.6884298793863,-5.));
#2059=CARTESIAN_POINT('',(-1.34465946542562E-14,5.6884298793863,-72.6696944091721));
#2060=CARTESIAN_POINT('',(-9.25185853854297E-16,54.6089297091718,-5.));
#2061=CARTESIAN_POINT('',(-9.25185853854297E-16,2.84421493969315,-5.));
#2062=CARTESIAN_POINT('',(-4.62592926927149E-16,54.6089297091718,-2.5));
#2063=CARTESIAN_POINT('',(-3.27399522382903E-14,92.6171261444446,-176.93716404059));
#2064=CARTESIAN_POINT('',(-3.27399522382903E-14,32.992894586893,-176.93716404059));
#2065=CARTESIAN_POINT('',(-3.27399522382903E-14,16.4964472934466,-176.93716404059));
#2066=CARTESIAN_POINT('',(-3.06942616955505E-14,32.9928945868931,-165.881598641393));
#2067=CARTESIAN_POINT('',(-1.53471308477753E-14,32.992894586893,-82.9407993206963));
#2068=CARTESIAN_POINT('',(-3.06942616955505E-14,114.90628965072,-165.881598641393));
#2069=CARTESIAN_POINT('',(-3.06942616955505E-14,57.45314482536,-165.881598641393));
#2070=CARTESIAN_POINT('',(-3.29981010424803E-14,114.90628965072,-178.332282670618));
#2071=CARTESIAN_POINT('',(-1.64990505212401E-14,114.90628965072,-89.1661413353088));
#2072=CARTESIAN_POINT('',(-3.55242714834821E-14,75.9405426932745,-191.984514978742));
#2073=CARTESIAN_POINT('',(-3.57747547734378E-14,72.076880790235,-193.33820672031));
#2074=CARTESIAN_POINT('',(-3.80504419244839E-14,114.90628965072,-205.636747286866));
#2075=CARTESIAN_POINT('',(-3.26528550333881E-14,31.6494350990312,-176.466462913139));
#2076=CARTESIAN_POINT('',(-4.03542812714136E-14,114.90628965072,-218.087431316091));
#2077=CARTESIAN_POINT('',(-2.01771406357068E-14,114.90628965072,-109.043715658046));
#2078=CARTESIAN_POINT('',(-4.03542812714136E-14,32.9928945868931,-218.087431316091));
#2079=CARTESIAN_POINT('',(-4.03542812714136E-14,16.4964472934465,-218.087431316091));
#2080=CARTESIAN_POINT('',(-3.82441452871644E-14,32.992894586893,-206.683582157252));
#2081=CARTESIAN_POINT('',(-1.91220726435822E-14,32.992894586893,-103.341791078626));
#2082=CARTESIAN_POINT('',(-3.82441452871644E-14,92.6171261444446,-206.683582157252));
#2083=CARTESIAN_POINT('',(-3.82441452871644E-14,46.3085630722223,-206.683582157252));
#2084=CARTESIAN_POINT('',(-3.54920487627274E-14,65.481587125717,-191.810373098921));
#2085=CARTESIAN_POINT('',(-2.88389121285938E-14,-0.11801925777907,-155.854696699326));
#2086=CARTESIAN_POINT('',(-3.25697941637557E-14,94.2948765539544,-176.017575431309));
#2087=CARTESIAN_POINT('',(-4.64599866902076E-14,32.992894586893,-251.084614494789));
#2088=CARTESIAN_POINT('',(-4.4550616474311E-14,32.992894586893,-240.765767703399));
#2089=CARTESIAN_POINT('',(-2.22753082371555E-14,32.992894586893,-120.3828838517));
#2090=CARTESIAN_POINT('',(-4.4550616474311E-14,114.90628965072,-240.765767703399));
#2091=CARTESIAN_POINT('',(-4.4550616474311E-14,57.45314482536,-240.765767703399));
#2092=CARTESIAN_POINT('',(-4.64599866902076E-14,114.90628965072,-251.084614494789));
#2093=CARTESIAN_POINT('',(-2.32299933451038E-14,114.90628965072,-125.542307247394));
#2094=CARTESIAN_POINT('',(-4.64599866902076E-14,73.9495921188065,-251.084614494789));
#2095=CARTESIAN_POINT('',(-4.64599866902076E-14,16.4964472934465,-251.084614494789));
#2096=CARTESIAN_POINT('',(-5.27864801590049E-14,108.139984473171,-285.275006849154));
#2097=CARTESIAN_POINT('',(-3.45873809257236E-14,9.78623664259004,-186.921259018572));
#2098=CARTESIAN_POINT('',(-5.27864801590049E-14,100.341052450107,-285.275006849154));
#2099=CARTESIAN_POINT('',(-5.27864801590049E-14,50.1705262250533,-285.275006849154));
#2100=CARTESIAN_POINT('',(-4.76630140819781E-14,72.6522045516947,-257.586158950742));
#2101=CARTESIAN_POINT('',(-3.23864209663558E-14,-9.90738632391441,-175.026568075133));
#2102=CARTESIAN_POINT('',(-5.31996011692154E-14,42.7307187001114,-287.507644802325));
#2103=CARTESIAN_POINT('',(-4.18763937002301E-14,103.924950225665,-226.313413276772));
#2104=CARTESIAN_POINT('',(-5.31996011692154E-14,34.9317866770467,-287.507644802325));
#2105=CARTESIAN_POINT('',(-5.31996011692154E-14,17.4658933385233,-287.507644802325));
#2106=CARTESIAN_POINT('',(-3.90558093357154E-14,116.814766732829,-211.070074045177));
#2107=CARTESIAN_POINT('',(-4.64599866902076E-14,16.4964472934465,-251.084614494789));
#2108=CARTESIAN_POINT('Origin',(-75.,150.,-150.));
#2109=CARTESIAN_POINT('',(-125.,150.,-222.5));
#2110=CARTESIAN_POINT('Origin',(-75.,150.,-222.5));
#2111=CARTESIAN_POINT('Origin',(-5.31996011692154E-14,34.9317866770467,
-287.507644802325));
#2112=CARTESIAN_POINT('',(9.99999999999995,42.7307187001114,-287.507644802325));
#2113=CARTESIAN_POINT('',(-5.31996011692154E-14,42.7307187001114,-287.507644802325));
#2114=CARTESIAN_POINT('',(9.99999999999995,34.9317866770467,-287.507644802325));
#2115=CARTESIAN_POINT('',(9.99999999999995,34.9317866770467,-287.507644802325));
#2116=CARTESIAN_POINT('',(-5.31996011692154E-14,34.9317866770467,-287.507644802325));
#2117=CARTESIAN_POINT('Origin',(-4.64599866902076E-14,73.9495921188065,
-251.084614494789));
#2118=CARTESIAN_POINT('',(9.99999999999995,73.9495921188065,-251.084614494789));
#2119=CARTESIAN_POINT('',(9.99999999999995,73.9495921188065,-251.084614494789));
#2120=CARTESIAN_POINT('',(-4.64599866902076E-14,73.9495921188065,-251.084614494789));
#2121=CARTESIAN_POINT('Origin',(-5.27864801590049E-14,108.139984473171,
-285.275006849154));
#2122=CARTESIAN_POINT('',(9.99999999999995,108.139984473171,-285.275006849154));
#2123=CARTESIAN_POINT('',(9.99999999999995,108.139984473171,-285.275006849154));
#2124=CARTESIAN_POINT('',(-5.27864801590049E-14,108.139984473171,-285.275006849154));
#2125=CARTESIAN_POINT('Origin',(-5.27864801590049E-14,100.341052450107,
-285.275006849154));
#2126=CARTESIAN_POINT('',(9.99999999999995,100.341052450107,-285.275006849154));
#2127=CARTESIAN_POINT('',(9.99999999999995,100.341052450107,-285.275006849154));
#2128=CARTESIAN_POINT('',(-5.27864801590049E-14,100.341052450107,-285.275006849154));
#2129=CARTESIAN_POINT('Origin',(-4.76630140819781E-14,72.6522045516947,
-257.586158950742));
#2130=CARTESIAN_POINT('',(9.99999999999995,72.6522045516947,-257.586158950742));
#2131=CARTESIAN_POINT('',(9.99999999999995,72.6522045516947,-257.586158950742));
#2132=CARTESIAN_POINT('',(-4.76630140819781E-14,72.6522045516947,-257.586158950742));
#2133=CARTESIAN_POINT('Origin',(-5.31996011692154E-14,42.7307187001114,
-287.507644802325));
#2134=CARTESIAN_POINT('',(9.99999999999995,42.7307187001114,-287.507644802325));
#2135=CARTESIAN_POINT('Origin',(9.99999999999995,71.535885575109,-269.296129648557));
#2136=CARTESIAN_POINT('Origin',(-4.64599866902076E-14,32.992894586893,-251.084614494789));
#2137=CARTESIAN_POINT('',(-4.64599866902076E-14,73.9495921188065,-251.084614494789));
#2138=CARTESIAN_POINT('',(9.99999999999995,114.90628965072,-251.084614494789));
#2139=CARTESIAN_POINT('',(-4.64599866902076E-14,114.90628965072,-251.084614494789));
#2140=CARTESIAN_POINT('',(9.99999999999995,32.992894586893,-251.084614494789));
#2141=CARTESIAN_POINT('Origin',(-4.4550616474311E-14,32.992894586893,-240.765767703399));
#2142=CARTESIAN_POINT('',(9.99999999999995,32.992894586893,-251.084614494789));
#2143=CARTESIAN_POINT('',(-4.64599866902076E-14,32.992894586893,-251.084614494789));
#2144=CARTESIAN_POINT('',(9.99999999999996,32.992894586893,-240.765767703399));
#2145=CARTESIAN_POINT('',(9.99999999999996,32.992894586893,-240.765767703399));
#2146=CARTESIAN_POINT('',(-4.4550616474311E-14,32.992894586893,-240.765767703399));
#2147=CARTESIAN_POINT('Origin',(-4.4550616474311E-14,114.90628965072,-240.765767703399));
#2148=CARTESIAN_POINT('',(9.99999999999996,114.90628965072,-240.765767703399));
#2149=CARTESIAN_POINT('',(9.99999999999996,114.90628965072,-240.765767703399));
#2150=CARTESIAN_POINT('',(-4.4550616474311E-14,114.90628965072,-240.765767703399));
#2151=CARTESIAN_POINT('Origin',(-4.64599866902076E-14,114.90628965072,-251.084614494789));
#2152=CARTESIAN_POINT('',(9.99999999999994,114.90628965072,-292.564725086881));
#2153=CARTESIAN_POINT('Origin',(-4.64599866902076E-14,32.992894586893,-251.084614494789));
#2154=CARTESIAN_POINT('',(9.99999999999995,32.992894586893,-251.084614494789));
#2155=CARTESIAN_POINT('Origin',(9.99999999999995,73.9495921188065,-245.925191099094));
#2156=CARTESIAN_POINT('Origin',(-3.27399522382903E-14,32.992894586893,-176.93716404059));
#2157=CARTESIAN_POINT('',(9.99999999999997,92.6171261444446,-176.93716404059));
#2158=CARTESIAN_POINT('',(-3.27399522382903E-14,92.6171261444446,-176.93716404059));
#2159=CARTESIAN_POINT('',(9.99999999999997,32.992894586893,-176.93716404059));
#2160=CARTESIAN_POINT('',(9.99999999999997,32.992894586893,-176.93716404059));
#2161=CARTESIAN_POINT('',(-3.27399522382903E-14,32.992894586893,-176.93716404059));
#2162=CARTESIAN_POINT('Origin',(-3.06942616955505E-14,32.992894586893,-165.881598641393));
#2163=CARTESIAN_POINT('',(9.99999999999997,32.9928945868931,-165.881598641393));
#2164=CARTESIAN_POINT('',(9.99999999999997,32.992894586893,-165.533314881751));
#2165=CARTESIAN_POINT('',(-3.06942616955505E-14,32.9928945868931,-165.881598641393));
#2166=CARTESIAN_POINT('Origin',(-3.06942616955505E-14,114.90628965072,-165.881598641393));
#2167=CARTESIAN_POINT('',(9.99999999999997,114.90628965072,-165.881598641393));
#2168=CARTESIAN_POINT('',(9.99999999999997,114.90628965072,-165.881598641393));
#2169=CARTESIAN_POINT('',(-3.06942616955505E-14,114.90628965072,-165.881598641393));
#2170=CARTESIAN_POINT('Origin',(-3.29981010424803E-14,114.90628965072,-178.332282670618));
#2171=CARTESIAN_POINT('',(9.99999999999997,114.90628965072,-178.332282670618));
#2172=CARTESIAN_POINT('',(9.99999999999997,114.90628965072,-178.332282670618));
#2173=CARTESIAN_POINT('',(-3.29981010424803E-14,114.90628965072,-178.332282670618));
#2174=CARTESIAN_POINT('Origin',(-3.55242714834821E-14,75.9405426932745,
-191.984514978742));
#2175=CARTESIAN_POINT('',(9.99999999999996,75.9405426932745,-191.984514978742));
#2176=CARTESIAN_POINT('',(9.99999999999996,75.9405426932745,-191.984514978742));
#2177=CARTESIAN_POINT('',(-3.55242714834821E-14,75.9405426932745,-191.984514978742));
#2178=CARTESIAN_POINT('Origin',(-3.80504419244839E-14,114.90628965072,-205.636747286866));
#2179=CARTESIAN_POINT('',(9.99999999999996,114.90628965072,-205.636747286866));
#2180=CARTESIAN_POINT('',(9.99999999999996,114.90628965072,-205.636747286866));
#2181=CARTESIAN_POINT('',(-3.80504419244839E-14,114.90628965072,-205.636747286866));
#2182=CARTESIAN_POINT('Origin',(-4.03542812714136E-14,114.90628965072,-218.087431316091));
#2183=CARTESIAN_POINT('',(9.99999999999996,114.90628965072,-218.087431316091));
#2184=CARTESIAN_POINT('',(9.99999999999996,114.90628965072,-218.087431316091));
#2185=CARTESIAN_POINT('',(-4.03542812714136E-14,114.90628965072,-218.087431316091));
#2186=CARTESIAN_POINT('Origin',(-4.03542812714136E-14,32.9928945868931,
-218.087431316091));
#2187=CARTESIAN_POINT('',(9.99999999999996,32.9928945868931,-218.087431316091));
#2188=CARTESIAN_POINT('',(9.99999999999996,32.9928945868931,-218.087431316091));
#2189=CARTESIAN_POINT('',(-4.03542812714136E-14,32.9928945868931,-218.087431316091));
#2190=CARTESIAN_POINT('Origin',(-3.82441452871644E-14,32.992894586893,-206.683582157252));
#2191=CARTESIAN_POINT('',(9.99999999999996,32.9928945868931,-206.683582157252));
#2192=CARTESIAN_POINT('',(9.99999999999996,32.992894586893,-206.683582157252));
#2193=CARTESIAN_POINT('',(-3.82441452871644E-14,32.992894586893,-206.683582157252));
#2194=CARTESIAN_POINT('Origin',(-3.82441452871644E-14,92.6171261444446,
-206.683582157252));
#2195=CARTESIAN_POINT('',(9.99999999999996,92.6171261444446,-206.683582157252));
#2196=CARTESIAN_POINT('',(9.99999999999996,92.6171261444446,-206.683582157252));
#2197=CARTESIAN_POINT('',(-3.82441452871644E-14,92.6171261444446,-206.683582157252));
#2198=CARTESIAN_POINT('Origin',(-3.54920487627274E-14,65.481587125717,-191.810373098921));
#2199=CARTESIAN_POINT('',(9.99999999999997,65.481587125717,-191.810373098921));
#2200=CARTESIAN_POINT('',(9.99999999999996,65.481587125717,-191.810373098921));
#2201=CARTESIAN_POINT('',(-3.54920487627274E-14,65.481587125717,-191.810373098921));
#2202=CARTESIAN_POINT('Origin',(-3.27399522382903E-14,92.6171261444446,
-176.93716404059));
#2203=CARTESIAN_POINT('',(9.99999999999997,92.6171261444446,-176.93716404059));
#2204=CARTESIAN_POINT('Origin',(9.99999999999997,73.9495921188065,-191.984514978742));
#2205=CARTESIAN_POINT('Origin',(-2.68931893085123E-14,54.6089297091718,
-145.339388818344));
#2206=CARTESIAN_POINT('',(-140.,54.6089297091718,-145.339388818344));
#2207=CARTESIAN_POINT('',(-2.68931893085123E-14,54.6089297091718,-145.339388818344));
#2208=CARTESIAN_POINT('',(-140.,5.6884298793863,-145.339388818344));
#2209=CARTESIAN_POINT('',(-140.,5.68842987938631,-145.339388818344));
#2210=CARTESIAN_POINT('',(-2.68931893085123E-14,5.6884298793863,-145.339388818344));
#2211=CARTESIAN_POINT('Origin',(-9.25185853854296E-16,54.6089297091718,
-5.));
#2212=CARTESIAN_POINT('',(-140.,54.6089297091718,-4.99999999999997));
#2213=CARTESIAN_POINT('',(-9.25185853854297E-16,54.6089297091718,-5.));
#2214=CARTESIAN_POINT('',(-140.,54.6089297091718,-145.339388818344));
#2215=CARTESIAN_POINT('Origin',(-9.25185853854297E-16,5.68842987938631,
-5.));
#2216=CARTESIAN_POINT('',(-140.,5.6884298793863,-4.99999999999997));
#2217=CARTESIAN_POINT('',(-9.25185853854297E-16,5.6884298793863,-5.));
#2218=CARTESIAN_POINT('',(-140.,54.6089297091718,-4.99999999999997));
#2219=CARTESIAN_POINT('Origin',(-2.68931893085123E-14,5.6884298793863,-145.339388818344));
#2220=CARTESIAN_POINT('',(-140.,5.6884298793863,-4.99999999999997));
#2221=CARTESIAN_POINT('Origin',(-140.,30.1486797942791,-75.1696944091721));
#2222=CARTESIAN_POINT('Origin',(-75.,150.,-222.5));
#2223=CARTESIAN_POINT('',(-125.,10.,-222.5));
#2224=CARTESIAN_POINT('',(-125.,150.,-222.5));
#2225=CARTESIAN_POINT('Origin',(-75.,10.,-222.5));
#2226=CARTESIAN_POINT('Origin',(-75.0000000000001,10.,-222.5));
#2227=CARTESIAN_POINT('Origin',(-1.38777878078145E-14,135.,-75.));
#2228=CARTESIAN_POINT('',(-140.,135.,-65.));
#2229=CARTESIAN_POINT('',(-1.26089614939571E-14,135.,-65.));
#2230=CARTESIAN_POINT('Origin',(-140.,135.,-75.));
#2231=CARTESIAN_POINT('Origin',(-140.,135.,-75.));
#2232=CARTESIAN_POINT('Origin',(-1.94289029309402E-14,75.,-105.));
#2233=CARTESIAN_POINT('',(-140.,75.,-95.));
#2234=CARTESIAN_POINT('',(-1.81600766170829E-14,75.,-95.));
#2235=CARTESIAN_POINT('Origin',(-140.,75.,-105.));
#2236=CARTESIAN_POINT('Origin',(-140.,75.,-105.));
#2237=CARTESIAN_POINT('Origin',(-2.77555756156289E-15,105.,-15.));
#2238=CARTESIAN_POINT('',(-140.,105.,-4.99999999999997));
#2239=CARTESIAN_POINT('',(-8.72318090776908E-16,105.,-5.));
#2240=CARTESIAN_POINT('Origin',(-140.,105.,-15.));
#2241=CARTESIAN_POINT('Origin',(-140.,105.,-15.));
#2242=CARTESIAN_POINT('Origin',(-2.4980018054066E-14,105.,-135.));
#2243=CARTESIAN_POINT('',(-140.,105.,-125.));
#2244=CARTESIAN_POINT('',(-2.37111917402087E-14,105.,-125.));
#2245=CARTESIAN_POINT('Origin',(-140.,105.,-135.));
#2246=CARTESIAN_POINT('Origin',(-140.,105.,-135.));
#2247=CARTESIAN_POINT('Origin',(-8.32667268468867E-15,105.,-45.));
#2248=CARTESIAN_POINT('',(-140.,105.,-35.));
#2249=CARTESIAN_POINT('',(-6.42343321390269E-15,105.,-35.));
#2250=CARTESIAN_POINT('Origin',(-140.,105.,-45.));
#2251=CARTESIAN_POINT('Origin',(-140.,105.,-45.));
#2252=CARTESIAN_POINT('Origin',(-1.38777878078145E-14,75.,-75.));
#2253=CARTESIAN_POINT('',(-140.,75.,-65.));
#2254=CARTESIAN_POINT('',(-1.26089614939571E-14,75.,-65.));
#2255=CARTESIAN_POINT('Origin',(-140.,75.,-75.));
#2256=CARTESIAN_POINT('Origin',(-140.,75.,-75.));
#2257=CARTESIAN_POINT('Origin',(-1.94289029309402E-14,135.,-105.));
#2258=CARTESIAN_POINT('',(-140.,135.,-95.));
#2259=CARTESIAN_POINT('',(-1.81600766170829E-14,135.,-95.));
#2260=CARTESIAN_POINT('Origin',(-140.,135.,-105.));
#2261=CARTESIAN_POINT('Origin',(-140.,135.,-105.));
#2262=CARTESIAN_POINT('Origin',(-8.32667268468867E-15,135.,-45.));
#2263=CARTESIAN_POINT('',(-140.,135.,-35.));
#2264=CARTESIAN_POINT('',(-6.42343321390269E-15,135.,-35.));
#2265=CARTESIAN_POINT('Origin',(-140.,135.,-45.));
#2266=CARTESIAN_POINT('Origin',(-140.,135.,-45.));
#2267=CARTESIAN_POINT('Origin',(-2.4980018054066E-14,75.,-135.));
#2268=CARTESIAN_POINT('',(-140.,75.,-125.));
#2269=CARTESIAN_POINT('',(-2.37111917402087E-14,75.,-125.));
#2270=CARTESIAN_POINT('Origin',(-140.,75.,-135.));
#2271=CARTESIAN_POINT('Origin',(-140.,75.,-135.));
#2272=CARTESIAN_POINT('Origin',(-2.77555756156289E-15,75.,-15.));
#2273=CARTESIAN_POINT('',(-140.,75.,-4.99999999999997));
#2274=CARTESIAN_POINT('',(-8.72318090776908E-16,75.,-5.));
#2275=CARTESIAN_POINT('Origin',(-140.,75.,-15.));
#2276=CARTESIAN_POINT('Origin',(-140.,75.,-15.));
#2277=CARTESIAN_POINT('Origin',(-1.94289029309402E-14,105.,-105.));
#2278=CARTESIAN_POINT('',(-140.,105.,-95.));
#2279=CARTESIAN_POINT('',(-1.81600766170829E-14,105.,-95.));
#2280=CARTESIAN_POINT('Origin',(-140.,105.,-105.));
#2281=CARTESIAN_POINT('Origin',(-140.,105.,-105.));
#2282=CARTESIAN_POINT('Origin',(-1.38777878078145E-14,105.,-75.));
#2283=CARTESIAN_POINT('',(-140.,105.,-65.));
#2284=CARTESIAN_POINT('',(-1.26089614939571E-14,105.,-65.));
#2285=CARTESIAN_POINT('Origin',(-140.,105.,-75.));
#2286=CARTESIAN_POINT('Origin',(-140.,105.,-75.));
#2287=CARTESIAN_POINT('Origin',(-8.32667268468867E-15,75.,-45.));
#2288=CARTESIAN_POINT('',(-140.,75.,-35.));
#2289=CARTESIAN_POINT('',(-6.42343321390269E-15,75.,-35.));
#2290=CARTESIAN_POINT('Origin',(-140.,75.,-45.));
#2291=CARTESIAN_POINT('Origin',(-140.,75.,-45.));
#2292=CARTESIAN_POINT('Origin',(-2.4980018054066E-14,135.,-135.));
#2293=CARTESIAN_POINT('',(-140.,135.,-125.));
#2294=CARTESIAN_POINT('',(-2.37111917402087E-14,135.,-125.));
#2295=CARTESIAN_POINT('Origin',(-140.,135.,-135.));
#2296=CARTESIAN_POINT('Origin',(-140.,135.,-135.));
#2297=CARTESIAN_POINT('Origin',(-2.77555756156289E-15,135.,-15.));
#2298=CARTESIAN_POINT('',(-140.,135.,-4.99999999999997));
#2299=CARTESIAN_POINT('',(-8.72318090776908E-16,135.,-5.));
#2300=CARTESIAN_POINT('Origin',(-140.,135.,-15.));
#2301=CARTESIAN_POINT('Origin',(-140.,135.,-15.));
#2302=UNCERTAINTY_MEASURE_WITH_UNIT(LENGTH_MEASURE(0.01),#2306,
'DISTANCE_ACCURACY_VALUE',
'Maximum model space distance between geometric entities at asserted c
onnectivities');
#2303=UNCERTAINTY_MEASURE_WITH_UNIT(LENGTH_MEASURE(0.01),#2306,
'DISTANCE_ACCURACY_VALUE',
'Maximum model space distance between geometric entities at asserted c
onnectivities');
#2304=(
GEOMETRIC_REPRESENTATION_CONTEXT(3)
GLOBAL_UNCERTAINTY_ASSIGNED_CONTEXT((#2302))
GLOBAL_UNIT_ASSIGNED_CONTEXT((#2306,#2308,#2309))
REPRESENTATION_CONTEXT('','3D')
);
#2305=(
GEOMETRIC_REPRESENTATION_CONTEXT(3)
GLOBAL_UNCERTAINTY_ASSIGNED_CONTEXT((#2303))
GLOBAL_UNIT_ASSIGNED_CONTEXT((#2306,#2308,#2309))
REPRESENTATION_CONTEXT('','3D')
);
#2306=(
LENGTH_UNIT()
NAMED_UNIT(*)
SI_UNIT(.MILLI.,.METRE.)
);
#2307=(
LENGTH_UNIT()
NAMED_UNIT(*)
SI_UNIT(.CENTI.,.METRE.)
);
#2308=(
NAMED_UNIT(*)
PLANE_ANGLE_UNIT()
SI_UNIT($,.RADIAN.)
);
#2309=(
NAMED_UNIT(*)
SI_UNIT($,.STERADIAN.)
SOLID_ANGLE_UNIT()
);
#2310=SHAPE_DEFINITION_REPRESENTATION(#2311,#2312);
#2311=PRODUCT_DEFINITION_SHAPE('',$,#2314);
#2312=SHAPE_REPRESENTATION('',(#1368),#2304);
#2313=PRODUCT_DEFINITION_CONTEXT('part definition',#2318,'design');
#2314=PRODUCT_DEFINITION('DeskOrganizer','DeskOrganizer',#2315,#2313);
#2315=PRODUCT_DEFINITION_FORMATION('',$,#2320);
#2316=PRODUCT_RELATED_PRODUCT_CATEGORY('DeskOrganizer','DeskOrganizer',
(#2320));
#2317=APPLICATION_PROTOCOL_DEFINITION('international standard',
'automotive_design',2009,#2318);
#2318=APPLICATION_CONTEXT(
'Core Data for Automotive Mechanical Design Process');
#2319=PRODUCT_CONTEXT('part definition',#2318,'mechanical');
#2320=PRODUCT('DeskOrganizer','DeskOrganizer',$,(#2319));
#2321=PRESENTATION_STYLE_ASSIGNMENT((#2322));
#2322=SURFACE_STYLE_USAGE(.BOTH.,#2325);
#2323=SURFACE_STYLE_RENDERING_WITH_PROPERTIES($,#2329,(#2324));
#2324=SURFACE_STYLE_TRANSPARENT(0.);
#2325=SURFACE_SIDE_STYLE('',(#2326,#2323));
#2326=SURFACE_STYLE_FILL_AREA(#2327);
#2327=FILL_AREA_STYLE('',(#2328));
#2328=FILL_AREA_STYLE_COLOUR('',#2329);
#2329=COLOUR_RGB('',0.749019607843137,0.749019607843137,0.749019607843137);
ENDSEC;
END-ISO-10303-21;
